Latitude,Longitude,Description,Label,Rooms,Year,Price,District,Date,USD_Price
55.783286,37.55858900000001,"2019-03-27: 11991000 | 12710460
г.москва,1-йботкинскийпр-д,д.6,2ком., пл. 62.2, кв. 95","12.710.460, 2019, 1",2,2019,12710460,САО,2019-03-27,198636.94198015702
55.816733,37.489634,"2017-04-07: 9368000 | 9368000
2017-01-21: 9368000 | Не продано
г.москва,1-йвойковскийпр.,д.16,кор.1,2ком., пл. 54.2, кв. 80","9.368.000, 2017, 2",2,2017,9368000,САО,2017-04-07,166057.19053843245
55.80185,37.492967,"2019-07-24: 6255000 | 6255000
г.москва,1-йволоколамскийпр.,д.8,кор.2,1ком., пл. 29.6, кв. 64","6.255.000, 2019, 1",1,2019,6255000,СЗАО,2019-07-24,99300.37327781867
55.751234,37.780688,"2017-06-21: 6822000 | 7367760
г.москва,1-явладимирскаяул.,д.35,кор.2,2ком., пл. 49.1, кв. 27","7.367.760, 2017, 1",2,2017,7367760,ВАО,2017-06-21,126114.70722488876
55.713207,37.795151,"2018-12-26: 6447000 | 8187690
г.москва,1-яновокузьминскаяул.,д.27/12,2ком., пл. 56.6, кв. 43","8.187.690, 2018, 1",2,2018,8187690,ЮВАО,2018-12-26,119334.0703857102
55.824728,37.620645,"2019-12-30: 6132000 | 7481040
г.москва,1-яостанкинскаяул.,д.19/1,1ком., пл. 31.2, кв. 25","7.481.040, 2019, 1",1,2019,7481040,СВАО,2019-12-30,120320.38339377136
55.792002,37.80523,"2019-02-20: 7720000 | 8569200
г.москва,11-япарковаяул.,д.9/35,3ком., пл. 51.6, кв. 240","8.569.200, 2019, 1",3,2019,8569200,ВАО,2019-02-20,129425.52940628787
55.80356999999999,37.812525,"2019-08-28: 5366000 | 5580640
г.москва,13-япарковаяул.,д.24/51,1ком., пл. 32.3, кв. 60","5.580.640, 2019, 1",1,2019,5580640,ВАО,2019-08-28,84437.19373687857
55.80429399999999,37.820547,"2017-11-29: 3787000 | 3787000
2017-09-13: 4694000 | Не продано
2017-07-26: 4694000 | Не продано
2017-05-31: 4694000 | Не продано
г.москва,15-япарковаяул.,д.36/63,кор.2,1ком., пл. 33.0, кв. 89","3.787.000, 2017, 4",1,2017,3787000,ВАО,2017-11-29,64806.38483740816
55.800362,37.828757,"2017-10-11: 3987000 | 3987000
2017-07-26: 4561000 | Не продано
2017-05-31: 4561000 | Не продано
2017-04-07: 4561000 | Не продано
г.москва,16-япарковаяул.,д.14,1ком., пл. 35.0, кв. 35","3.987.000, 2017, 4",1,2017,3987000,ВАО,2017-10-11,68466.68583425487
55.79973,37.823493,"2018-02-21: 4034000 | 4034000
2017-11-08: 4353000 | Не продано
2017-09-13: 4353000 | Не продано
г.москва,16-япарковаяул.,д.19,кор.3,1ком., пл. 34.4, кв. 50","4.034.000, 2018, 3",1,2018,4034000,ВАО,2018-02-21,71552.47883056242
55.790681000000006,37.823915,"2017-01-21: 4820000 | 4820000
г.москва,16-япарковаяул.,д.2,2ком., пл. 43.2, кв. 57","4.820.000, 2017, 1",2,2017,4820000,ВАО,2017-01-21,80791.15005577859
55.728327,37.520752,"2019-01-23: 5797000 | 6608580
г.москва,2-ймосфильмовскийпер.,д.21,1ком., пл. 27.7, кв. 110","6.608.580, 2019, 1",1,2019,6608580,ЗАО,2019-01-23,99582.44775139286
55.779692,37.668704,"2018-12-26: 12050000 | 12050000
г.москва,2-йновыйпер.,д.4,2ком., пл. 55.2, кв. 33","12.050.000, 2018, 1",2,2018,12050000,ЦАО,2018-12-26,175626.52569257116
55.712558,37.741172,"2017-05-17: 7149000 | 7149000
2017-03-17: 7149000 | Не продано
2017-01-21: 7149000 | Не продано
г.москва,2-йсаратовскийпр.,д.5,3ком., пл. 57.2, кв. 20","7.149.000, 2017, 3",3,2017,7149000,ЮВАО,2017-05-17,126901.79644221882
55.795393,37.575432,"2017-12-20: 4939000 | 4939000
г.москва,2-яквесисскаяул.,д.18,1ком., пл. 30.8, кв. 72","4.939.000, 2017, 1",1,2017,4939000,САО,2017-12-20,84237.13412048742
55.790934,37.724975,"2017-08-09: 5150000 | 5150000
г.москва,2-япугачевскаяул.,д.14,кор.4,2ком., пл. 38.7, кв. 39","5.150.000, 2017, 1",2,2017,5150000,ВАО,2017-08-09,85897.32773376365
55.790934,37.724975,"2017-04-20: 5670000 | 5670000
2017-03-03: 5670000 | Не продано
г.москва,2-япугачевскаяул.,д.14,кор.4,2ком., пл. 39.5, кв. 39","5.670.000, 2017, 2",2,2017,5670000,ВАО,2017-04-20,100891.47258144405
55.793207,37.723529,"2019-04-24: 7322000 | 7322000
2019-02-20: 7322000 | Не продано
г.москва,2-япугачевскаяул.,д.8,кор.5,2ком., пл. 44.4, кв. 114","7.322.000, 2019, 2",2,2019,7322000,ВАО,2019-04-24,114792.4215957441
55.72469200000001,37.581766,"2019-10-30: 10844000 | 10952440
г.москва,2-яфрунзенскаяул.,д.10,кор.2,1ком., пл. 34.9, кв. 77","10.952.440, 2019, 1",1,2019,10952440,ЦАО,2019-10-30,171920.28799043273
55.810835,37.52669,"2017-03-03: 4173000 | 4632030
г.москва,3-йбалтийскийпер.,д.4,кор.3,1ком., пл. 29.3, кв. 22","4.632.030, 2017, 1",1,2017,4632030,САО,2017-03-03,79538.94489912302
55.8169,37.694639,"2019-09-25: 6208000 | 7077120
г.москва,3-ябогатырскаяул.,дом3,1ком., пл. 38.4, кв. 18","7.077.120, 2019, 1",1,2019,7077120,ВАО,2019-09-25,111006.3337322496
55.753215,37.790426,"2017-09-13: 5866000 | 5866000
г.москва,3-явладимирскаяул.,д.32/31,2ком., пл. 45.2, кв. 124","5.866.000, 2017, 1",2,2017,5866000,ВАО,2017-09-13,102549.40279753055
55.841534,37.542958,"2017-10-25: 4326000 | 4326000
2017-08-30: 4326000 | Не продано
2017-06-21: 4507000 | Не продано
2017-04-20: 4507000 | Не продано
2017-03-03: 4507000 | Не продано
г.москва,4-йновомихалковскийпр.,д.7а,1ком., пл. 31.6, кв. 76","4.326.000, 2017, 5",1,2017,4326000,САО,2017-10-25,75248.00180908138
55.794209,37.624418,"2019-08-28: 8516000 | 9623080
г.москва,4-ямарьинойрощиул.,д.4,2ком., пл. 51.7, кв. 147","9.623.080, 2019, 1",2,2019,9623080,СВАО,2019-08-28,145600.83974337738
55.73181500000001,37.630122,"2018-06-20: 7131000 | 9198990
г.москва,5-ймонетчиковскийпер.,д.13,1ком., пл. 34.9, кв. 22","9.198.990, 2018, 1",1,2018,9198990,ЦАО,2018-06-20,145171.87512495433
55.804759,37.787237,"2017-01-21: 4093000 | 4093000
г.москва,5-япарковаяул.,д.47,кор.1,1ком., пл. 31.2, кв. 5","4.093.000, 2017, 1",1,2017,4093000,ВАО,2017-01-21,68605.43094985514
55.79545400000001,37.793337,"2019-07-24: 6032000 | 6032000
2019-05-29: 6032000 | Не продано
г.москва,7-япарковаяул.,д.7,1ком., пл. 35.1, кв. 77","6.032.000, 2019, 2",1,2019,6032000,ВАО,2019-07-24,95760.16812338964
55.704519,37.74322,"2017-04-07: 4876000 | 4876000
2017-01-21: 5473000 | Не продано
г.москва,8-ятекстильщиковул.,д.7а,1ком., пл. 36.8, кв. 5","4.876.000, 2017, 2",1,2017,4876000,ЮВАО,2017-04-07,86431.98773114824
55.801986,37.801251,"2017-11-08: 3914000 | 3914000
г.москва,9-япарковаяул.,д.54,кор.2,1ком., пл. 30.6, кв. 17","3.914.000, 2017, 1",1,2017,3914000,ВАО,2017-11-08,67187.36465944817
55.773464,37.737003,"2017-08-23: 6001000 | 6001000
г.москва,9-яул.соколинойгоры,д.19,2ком., пл. 45.3, кв. 21","6.001.000, 2017, 1",2,2017,6001000,ВАО,2017-08-23,101586.85864634386
55.894879,37.573052,"2018-10-10: 4917000 | 5212020
г.москва,абрамцевскаяул.,д.3,1ком., пл. 32.5, кв. 45","5.212.020, 2018, 1",1,2018,5212020,СВАО,2018-10-10,78218.39112476725
55.84899300000001,37.488359,"2018-02-21: 7350000 | 7350000
2017-11-08: 8648000 | Не продано
2017-09-13: 8648000 | Не продано
г.москва,авангарднаяул.,д.15,2ком., пл. 52.5, кв. 18","7.350.000, 2018, 3",2,2018,7350000,САО,2018-02-21,130369.53877159985
55.54425500000001,37.52324,"2018-01-24: 1865000 | 2536400
г.москва,адмиралалазареваул.,д.40,2ком., пл. 33.47, кв. 87,2/3доли","2.536.400, 2018, 1",2,2018,2536400,ЮЗАО,2018-01-24,44918.35049838679
55.639629000000006,37.510844,"2017-11-29: 4481000 | 4481000
2017-09-20: 4917000 | Не продано
2017-07-26: 4917000 | Не продано
2017-05-31: 4917000 | Не продано
г.москва,академикаарцимовичаул.,д.20,1ком., пл. 33.0, кв. 50","4.481.000, 2017, 4",1,2017,4481000,ЮЗАО,2017-11-29,76682.7067484621
55.711508,37.793687,"2017-05-17: 5490000 | 5929200
2017-02-17: 5635000 | Не продано
г.москва,академикаскрябинаул.,д.16,кор.2,2ком., пл. 44.5, кв. 92","5.929.200, 2017, 2",2,2017,5929200,ЮВАО,2017-05-17,105249.14414116714
55.80277099999999,37.51070900000001,"2019-12-30: 6966000 | 7732260
г.москва,алабянаул.,д.3,кор.3,1ком., пл. 29.7, кв. 205","7.732.260, 2019, 1",1,2019,7732260,САО,2019-12-30,124360.84925362283
55.80277099999999,37.51070900000001,"2018-08-22: 5495000 | 5989550
2018-06-20: 5495000 | Не продано
г.москва,алабянаул.,д.3,кор.3,1ком., пл. 29.9, кв. 280","5.989.550, 2018, 2",1,2018,5989550,САО,2018-08-22,89447.39994193788
55.80277099999999,37.51070900000001,"2017-09-20: 7404000 | 8218440
2017-07-12: 8589000 | Не продано
2017-05-17: 8589000 | Не продано
г.москва,алабянаул.,д.3,кор.3,2ком., пл. 43.0, кв. 278","8.218.440, 2017, 3",2,2017,8218440,САО,2017-09-20,141518.39285497283
55.902727,37.589123,"2018-06-20: 4914000 | 5405400
г.москва,алтуфьевскоешоссе,д.96,1ком., пл. 38.0, кв. 183","5.405.400, 2018, 1",1,2018,5405400,СВАО,2018-06-20,85304.1533690577
55.853001,37.657206,"2017-08-09: 3981000 | 5294730
г.москва,амундсенаул.,д.10,1ком., пл. 32.5, кв. 8","5.294.730, 2017, 1",1,2017,5294730,СВАО,2017-08-09,88311.29282947387
55.88044,37.707916,"2018-06-20: 4578000 | 5585160
2018-03-14: 5078000 | Не продано
2017-12-20: 5078000 | Не продано
2017-10-11: 5800000 | Не продано
2017-08-09: 5800000 | Не продано
г.москва,анадырскийпроезд,д.63,2ком., пл. 44.7, кв. 303","5.585.160, 2018, 5",2,2018,5585160,СВАО,2018-06-20,88140.99700868138
55.802209,37.609757,"2017-06-07: 2036000 | 2036000
2017-04-20: 2036000 | Не продано
г.москва,анненскаяул.,д.4,2ком., пл. 43.5, кв. 65,1/2доля","2.036.000, 2017, 2",2,2017,2036000,СВАО,2017-06-07,35983.237470205844
55.667818,37.545662,"2018-09-26: 7587000 | 7587000
г.москва,архитекторавласоваул.,д.41,2ком., пл. 44.0, кв. 194","7.587.000, 2018, 1",2,2018,7587000,ЮЗАО,2018-09-26,115264.18609858947
55.808776,37.634065,"2017-04-07: 6714000 | 6714000
2017-01-21: 6915000 | Не продано
г.москва,б.марьинскаяул.,д.19,2ком., пл. 37.0, кв. 43","6.714.000, 2017, 2",2,2017,6714000,СВАО,2017-04-07,119012.38015318484
55.77536800000001,37.68624000000001,"2017-04-07: 5438000 | 5438000
2017-01-21: 5438000 | Не продано
г.москва,бакунинскаяул.,д.32-36,кор.1,1ком., пл. 26.2, кв. 27","5.438.000, 2017, 2",1,2017,5438000,ЦАО,2017-04-07,96394.00108326171
55.640421,37.61026,"2017-08-30: 5641000 | 6205100
г.москва,балаклавскийпросп.,д.5,1ком., пл. 38.3, кв. 118","6.205.100, 2017, 1",1,2017,6205100,ЮАО,2017-08-30,106197.15843900734
55.77147900000001,37.660215,"2019-10-30: 17725000 | 17725000
г.москва,басманныйпер.,д.9,2ком., пл. 70.1, кв. 40","17.725.000, 2019, 1",2,2019,17725000,ЦАО,2019-10-30,278229.06170957524
55.64272800000001,37.713036,"2019-12-30: 6959000 | 7098180
2019-09-25: 7347000 | Не продано
2019-07-24: 7347000 | Не продано
г.москва,батайскийпр.,д.5,2ком., пл. 51.0, кв. 213","7.098.180, 2019, 3",2,2019,7098180,ЮВАО,2019-12-30,114162.70184332659
55.780102,37.559164,"2019-06-26: 7273000 | 8145760
2019-02-20: 8085000 | Не продано
2018-12-26: 8085000 | Не продано
2018-10-10: 8279000 | Не продано
2018-07-25: 8279000 | Не продано
г.москва,беговаяул.,д.24,2ком., пл. 43.8, кв. 39","8.145.760, 2019, 5",2,2019,8145760,САО,2019-06-26,130270.04637681301
55.780102,37.559164,"2019-05-29: 10119000 | 10119000
г.москва,беговаяул.,д.24,2ком., пл. 52.6, кв. 38","10.119.000, 2019, 1",2,2019,10119000,САО,2019-05-29,157264.31865362756
55.896171,37.618498,"2017-09-20: 4367000 | 4367000
2017-07-12: 4682000 | Не продано
2017-05-17: 4682000 | Не продано
2017-01-21: 5001000 | Не продано
г.москва,белозерскаяул.,д.17,1ком., пл. 35.8, кв. 103","4.367.000, 2017, 4",1,2017,4367000,СВАО,2017-09-20,75198.06941434949
55.865738,37.474381,"2019-06-26: 10353000 | 11388300
г.москва,беломорскаяул.,д.13,кор.1,2ком., пл. 56.9, кв. 517","11.388.300, 2019, 1",2,2019,11388300,САО,2019-06-26,182125.96113230192
55.864808,37.470365,"2017-09-20: 4761000 | 4761000
2017-07-12: 4926000 | Не продано
2017-05-17: 4926000 | Не продано
г.москва,беломорскаяул.,д.5,кор.1,1ком., пл. 34.6, кв. 188","4.761.000, 2017, 3",1,2017,4761000,САО,2017-09-20,81982.5986905697
55.86763199999999,37.469476,"2018-02-21: 3161000 | 4520230
2017-11-08: 3799000 | Не продано
г.москва,беломорскаяул.,д.7,кор.3,1ком., пл. 31.4, кв. 1","4.520.230, 2018, 2",1,2018,4520230,САО,2018-02-21,80176.91159748964
55.86763199999999,37.469476,"2018-02-21: 4082000 | 5265780
2017-11-08: 5014000 | Не продано
2017-09-13: 5014000 | Не продано
г.москва,беломорскаяул.,д.7,кор.3,2ком., пл. 36.7, кв. 26","5.265.780, 2018, 3",2,2018,5265780,САО,2018-02-21,93400.99454050546
55.86156999999999,37.46944000000001,"2018-05-23: 5981000 | 6339860
г.москва,беломорскаяул.,д.8,кор.1,1ком., пл. 37.6, кв. 122","6.339.860, 2018, 1",1,2018,6339860,САО,2018-05-23,102943.36961222529
55.58351500000001,37.674849,"2017-07-12: 4304000 | 4304000
2017-05-17: 4304000 | Не продано
2017-01-21: 4428000 | Не продано
г.москва,бирюлевскаяул.,д.49,кор.4,1ком., пл. 39.4, кв. 994","4.304.000, 2017, 3",1,2017,4304000,ЮАО,2017-07-12,71315.54137898602
55.771413,37.583266,"2018-04-04: 12247000 | 12247000
2018-01-24: 12247000 | Не продано
2017-10-25: 14471000 | Не продано
г.москва,большаягрузинскаяул.,д.57,стр.1,2ком., пл. 50.2, кв. 90","12.247.000, 2018, 3",2,2018,12247000,ЦАО,2018-04-04,213225.67423750946
55.71494200000001,37.857027,"2019-09-25: 5800000 | 5800000
г.москва,большаякосинскаяул.,д.24,2ком., пл. 42.7, кв. 87","5.800.000, 2019, 1",2,2019,5800000,ВАО,2019-09-25,90974.39857555724
55.79389499999999,37.686338,"2017-08-23: 12362000 | 12485620
г.москва,большаяостроумовскаяул.,д.11,кор.3,3ком., пл. 72.7, кв. 47","12.485.620, 2017, 1",3,2017,12485620,ВАО,2017-08-23,211360.59224328675
55.785326,37.640542,"2017-09-20: 10243000 | 12394030
2017-07-12: 14670000 | Не продано
2017-05-17: 14670000 | Не продано
г.москва,большаяпереяславскаяул.,д.13,2ком., пл. 71.4, кв. 75","12.394.030, 2017, 3",2,2017,12394030,ЦАО,2017-09-20,213420.45529277076
55.724682,37.624822,"2017-10-25: 7219000 | 8229660
2017-08-09: 8928000 | Не продано
2017-06-21: 8928000 | Не продано
г.москва,большаясерпуховскаяул.,д.34,кор.4,1ком., пл. 37.9, кв. 41","8.229.660, 2017, 3",1,2017,8229660,ЦАО,2017-10-25,143149.66957191972
55.73798299999999,37.46387100000001,"2019-05-29: 5944000 | 6716720
г.москва,большаяфилёвскаяул.,д.59,кор.2,1ком., пл. 30.3, кв. 7","6.716.720, 2019, 1",1,2019,6716720,ЗАО,2019-05-29,104387.82432920183
55.798495,37.736707,"2017-01-21: 4444000 | 4444000
г.москва,большаячеркизовскаяул.,д.24,кор.1,1ком., пл. 32.8, кв. 49","4.444.000, 2017, 1",1,2017,4444000,ВАО,2017-01-21,74488.7698854523
55.795003,37.718848,"2017-10-11: 5261000 | 6734080
2017-07-26: 6509000 | Не продано
2017-05-31: 6509000 | Не продано
2017-04-07: 6509000 | Не продано
г.москва,большаячеркизовскаяул.,д.4,кор.4,2ком., пл. 39.3, кв. 70","6.734.080, 2017, 4",2,2017,6734080,ВАО,2017-10-11,115640.86775589139
55.797463,37.720609,"2017-03-03: 5979000 | 6038790
г.москва,большаячеркизовскаяул.,д.5,кор.1,2ком., пл. 39.8, кв. 134","6.038.790, 2017, 1",2,2017,6038790,ВАО,2017-03-03,103695.13691996275
55.79431500000001,37.720394,"2017-11-29: 3842000 | 4495140
г.москва,большаячеркизовскаяул.,д.6,кор.5,1ком., пл. 30.5, кв. 42","4.495.140, 2017, 1",1,2017,4495140,ВАО,2017-11-29,76924.68252918587
55.79393,37.721148,"2019-10-30: 5752000 | 6902400
г.москва,большаячеркизовскаяул.,д.6,кор.7,1ком., пл. 35.1, кв. 89","6.902.400, 2019, 1",1,2019,6902400,ВАО,2019-10-30,108346.87027047515
55.79393,37.721148,"2018-08-22: 5575000 | 6578500
г.москва,большаячеркизовскаяул.,д.6,кор.7,2ком., пл. 37.9, кв. 18","6.578.500, 2018, 1",2,2018,6578500,ВАО,2018-08-22,98242.72616774855
55.641493,37.774481,"2017-02-17: 4427000 | 4825430
г.москва,борисовскиепрудыул.,д.48,кор.2,1ком., пл. 38.2, кв. 495","4.825.430, 2017, 1",1,2017,4825430,ЮАО,2017-02-17,84179.06332640913
55.749562,37.791648,"2018-09-26: 4838000 | 4886380
г.москва,братскаяул.,д.19,кор.1,1ком., пл. 33.1, кв. 66","4.886.380, 2018, 1",1,2018,4886380,ВАО,2018-09-26,74235.48354664896
55.763412,37.729655,"2019-11-27: 5398000 | 5505960
2019-09-25: 5398000 | Не продано
г.москва,бураковаул.,д.11,1ком., пл. 35.2, кв. 14","5.505.960, 2019, 2",1,2019,5505960,ВАО,2019-11-27,86167.81789013631
55.651201,37.528711,"2019-04-24: 10354000 | 11596480
г.москва,бутлероваул.,д.14,кор.1,2ком., пл. 54.7, кв. 64","11.596.480, 2019, 1",2,2019,11596480,ЮЗАО,2019-04-24,181806.6131093437
55.784344,37.587614,"2017-08-09: 7774000 | 7774000
2017-06-07: 9302000 | Не продано
2017-04-20: 9302000 | Не продано
2017-03-03: 9302000 | Не продано
г.москва,бутырскийвалул.,д.34,2ком., пл. 46.7, кв. 24","7.774.000, 2017, 4",2,2017,7774000,ЦАО,2017-08-09,129663.26714607351
55.701861,37.580679,"2018-04-04: 6767000 | 6767000
г.москва,вавиловаул.,д.17,1ком., пл. 33.9, кв. 153","6.767.000, 2018, 1",1,2018,6767000,ЮЗАО,2018-04-04,117816.45607620043
55.692851,37.562766,"2019-06-26: 9773000 | 9773000
г.москва,вавиловаул.,д.46,2ком., пл. 45.1, кв. 71","9.773.000, 2019, 1",2,2019,9773000,ЮЗАО,2019-06-26,156293.47823169274
55.677072,37.546192,"2018-02-21: 11060000 | 11060000
2017-11-29: 11060000 | Не продано
2017-09-13: 13156000 | Не продано
2017-07-26: 13156000 | Не продано
2017-05-31: 13156000 | Не продано
г.москва,вавиловаул.,д.91,кор.1,2ком., пл. 54.2, кв. 56","11.060.000, 2018, 5",2,2018,11060000,ЮЗАО,2018-02-21,196175.1154848836
55.864939,37.468533,"2017-01-21: 4906000 | 4906000
г.москва,валдайскийпр.,д.4,1ком., пл. 34.4, кв. 65","4.906.000, 2017, 1",1,2017,4906000,САО,2017-01-21,82232.65190324685
55.869577,37.46467,"2019-05-29: 5478000 | 5478000
2019-03-27: 5478000 | Не продано
г.москва,валдайскийпроезд,д.11,1ком., пл. 30.8, кв. 6","5.478.000, 2019, 2",1,2019,5478000,САО,2019-05-29,85136.27212022648
55.6043,37.604259000000006,"2018-03-14: 4901000 | 4901000
г.москва,варшавскоеш.,д.144,кор.2,1ком., пл. 37.6, кв. 400","4.901.000, 2018, 1",1,2018,4901000,ЮАО,2018-03-14,86186.12874295702
55.633384,37.532852,"2018-04-04: 6038000 | 6581420
г.москва,введенскогоул.,д.31,кор.1,2ком., пл. 46.9, кв. 38","6.581.420, 2018, 1",2,2018,6581420,ЮЗАО,2018-04-04,114585.42638525594
55.711579,37.485286,"2018-11-14: 5102000 | 5306080
г.москва,веернаяул.,д.40,кор.4,1ком., пл. 32.8, кв. 167","5.306.080, 2018, 1",1,2018,5306080,ЗАО,2018-11-14,78267.11345683376
55.709617,37.474695,"2017-05-17: 7449000 | 8193900
г.москва,веернаяул.,д.7,кор.1,2ком., пл. 55.2, кв. 87","8.193.900, 2017, 1",2,2017,8193900,ЗАО,2017-05-17,145449.80135234256
55.666452,37.755724,"2018-08-22: 4647000 | 5622870
2018-05-23: 5106000 | Не продано
2018-02-21: 5106000 | Не продано
г.москва,верхниеполяул.,д.28,1ком., пл. 38.7, кв. 298","5.622.870, 2018, 3",1,2018,5622870,ЮВАО,2018-08-22,83971.43386590382
55.797665,37.55713400000001,"2018-11-14: 10664000 | 11943680
г.москва,верхняямасловкаул.,д.27,кор.2,2ком., пл. 52.6, кв. 186","11.943.680, 2018, 1",2,2018,11943680,САО,2018-11-14,176174.7575709594
55.733254,37.830635,"2019-04-24: 4786000 | 5551760
г.москва,вешняковскаяул.,д.21/26,1ком., пл. 34.8, кв. 61","5.551.760, 2019, 1",1,2019,5551760,ВАО,2019-04-24,87039.05688587658
55.864015,37.431873,"2017-12-20: 4100000 | 5781000
г.москва,вилисалацисаул.,д.1,кор.1,1ком., пл. 34.0, кв. 111","5.781.000, 2017, 1",1,2017,5781000,СЗАО,2017-12-20,98597.86846538525
55.818023,37.515425,"2018-02-21: 5085000 | 5237550
2017-11-08: 5944000 | Не продано
2017-09-13: 5944000 | Не продано
г.москва,вокзальныйпер.,д.10,1ком., пл. 34.7, кв. 21","5.237.550, 2018, 3",1,2018,5237550,САО,2018-02-21,92900.26908750922
55.70716700000001,37.760243,"2017-07-12: 4347000 | 4433940
г.москва,волгоградскийпр-т,д.113,кор.2,1ком., пл. 30.5, кв. 11","4.433.940, 2017, 1",1,2017,4433940,ЮВАО,2017-07-12,73468.59468911275
55.702647,37.792016,"2018-02-21: 3989000 | 3989000
г.москва,волгоградскийпр-т,д.175/32,1ком., пл. 31.8, кв. 53","3.989.000, 2018, 1",1,2018,3989000,ЮВАО,2018-02-21,70754.29798094039
55.710595,37.743884,"2018-03-14: 4335000 | 4335000
г.москва,волжскийбульвар,д.20,1ком., пл. 32.7, кв. 153","4.335.000, 2018, 1",1,2018,4335000,ЮВАО,2018-03-14,76232.78271795933
55.810081,37.492473,"2019-10-30: 5788000 | 6251040
2019-07-24: 5995000 | Не продано
2019-04-24: 5995000 | Не продано
2019-01-23: 6170000 | Не продано
2018-11-14: 6170000 | Не продано
г.москва,волоколамскоеш.,д.16,1ком., пл. 32.4, кв. 13","6.251.040, 2019, 5",1,2019,6251040,САО,2019-10-30,98122.48202589694
55.77273,37.684093,"2018-07-25: 5412000 | 7252080
г.москва,волховскийпер.,д.2,1ком., пл. 34.9, кв. 78","7.252.080, 2018, 1",1,2018,7252080,ЦАО,2018-07-25,115131.75423425445
55.61118,37.757754,"2017-03-03: 4411000 | 4763880
г.москва,воронежскаяул.,д.52,кор.1,1ком., пл. 37.5, кв. 400","4.763.880, 2017, 1",1,2017,4763880,ЮАО,2017-03-03,81803.00836264751
55.813931,37.462748,"2018-10-10: 5671000 | 5671000
2018-08-22: 5671000 | Не продано
г.москва,врачебныйпроезд,д.8,кор.2,2ком., пл. 33.9, кв. 9","5.671.000, 2018, 2",2,2018,5671000,СЗАО,2018-10-10,85106.44549878073
55.805149,37.49939000000001,"2018-02-21: 5472000 | 5800320
2017-11-08: 6689000 | Не продано
г.москва,врубеляул.,д.10,2ком., пл. 42.9, кв. 21","5.800.320, 2018, 2",2,2018,5800320,САО,2018-02-21,102882.31879288246
55.803929,37.498078,"2019-11-27: 8851000 | 8851000
г.москва,врубеляул.,д.13,2ком., пл. 38.2, кв. 17","8.851.000, 2019, 1",2,2019,8851000,САО,2019-11-27,138517.41678936942
55.592418,37.60417800000001,"2017-10-11: 4048000 | 4128960
г.москва,газопроводул.,д.3,кор.1,1ком., пл. 34.6, кв. 840","4.128.960, 2017, 1",1,2017,4128960,ЮАО,2017-10-11,70904.49138254451
55.798348,37.465856,"2017-11-08: 4711000 | 4711000
г.москва,гамалеиул.,д.2,1ком., пл. 29.8, кв. 122","4.711.000, 2017, 1",1,2017,4711000,СЗАО,2017-11-08,80868.59348764954
55.67694,37.539266,"2019-11-27: 16335000 | 18295200
г.москва,гарибальдиул.,д.11,3ком., пл. 73.1, кв. 355","18.295.200, 2019, 1",3,2019,18295200,ЮЗАО,2019-11-27,286318.364438467
55.672864,37.540596,"2018-09-26: 5880000 | 6174000
г.москва,гарибальдиул.,д.16,кор.2,1ком., пл. 30.4, кв. 31","6.174.000, 2018, 1",1,2018,6174000,ЮЗАО,2018-09-26,93797.42783349036
55.78400500000001,37.461643,"2019-08-28: 7143000 | 7285860
г.москва,генералаглаголеваул.,д.19,кор.1,1ком., пл. 33.0, кв. 139","7.285.860, 2019, 1",1,2019,7285860,СЗАО,2019-08-28,110237.81723239165
55.617739,37.488907,"2017-08-23: 3728000 | 4660000
2017-06-07: 4965000 | Не продано
2017-04-20: 4965000 | Не продано
2017-03-03: 4965000 | Не продано
г.москва,генералатюленеваул.,д.27,1ком., пл. 35.0, кв. 18","4.660.000, 2017, 4",1,2017,4660000,ЮЗАО,2017-08-23,78885.9792187906
55.856376,37.417257,"2017-08-09: 4287000 | 4458480
г.москва,героевпанфиловцевул.,д.27,кор.3,1ком., пл. 31.7, кв. 348","4.458.480, 2017, 1",1,2017,4458480,СЗАО,2017-08-09,74363.40150571468
55.85392,37.440685,"2018-06-20: 6887000 | 7988920
г.москва,героевпанфиловцевул.,д.6,кор.1,3ком., пл. 58.7, кв. 93","7.988.920, 2018, 1",3,2018,7988920,СЗАО,2018-06-20,126075.41660804611
55.71765500000001,37.390254,"2018-02-21: 3639000 | 4148460
г.москва,говороваул.,д.11,кор.1,1ком., пл. 32.4, кв. 171","4.148.460, 2018, 1",1,2018,4148460,ЗАО,2018-02-21,73582.69616495662
55.604142,37.515685,"2019-03-27: 4959000 | 5355720
г.москва,голубинскаяул.,д.7,кор.5,1ком., пл. 32.7, кв. 299","5.355.720, 2019, 1",1,2019,5355720,ЮЗАО,2019-03-27,83698.29596269266
55.603151,37.512829,"2017-10-25: 4130000 | 4501700
2017-08-23: 4130000 | Не продано
2017-06-07: 4445000 | Не продано
2017-04-20: 4445000 | Не продано
г.москва,голубинскаяул.,д.9,1ком., пл. 32.6, кв. 647","4.501.700, 2017, 4",1,2017,4501700,ЮЗАО,2017-10-25,78304.19087932078
55.77709399999999,37.709731,"2017-12-20: 7953000 | 7953000
2017-10-11: 8967000 | Не продано
2017-08-09: 8967000 | Не продано
г.москва,гольяновскийпр-д,д.4а,стр.1,2ком., пл. 61.77, кв. 175","7.953.000, 2017, 3",2,2017,7953000,ЦАО,2017-12-20,135642.42309379156
55.721447,37.3879,"2018-06-20: 4802000 | 4802000
2018-02-21: 4982000 | Не продано
2017-11-29: 4982000 | Не продано
г.москва,горбуноваул.,д.9,кор.4,1ком., пл. 40.4, кв. 39","4.802.000, 2018, 3",1,2018,4802000,ЗАО,2018-06-20,75781.7265101963
55.773196,37.710988,"2019-02-20: 6104000 | 6226080
г.москва,госпитальныйвалул.,д.18/1,1ком., пл. 31.8, кв. 45","6.226.080, 2019, 1",1,2019,6226080,ЮВАО,2019-02-20,94036.04772042907
55.71912,37.734012,"2019-02-20: 5093000 | 5958810
г.москва,грайвороновскаяул.,д.16,кор.2,1ком., пл. 34.9, кв. 70","5.958.810, 2019, 1",1,2019,5958810,ЮВАО,2019-02-20,89999.31602500609
55.89060799999999,37.66317100000001,"2020-01-29: 6845000 | 7255700
г.москва,грековаул.,д.16,1ком., пл. 37.2, кв. 69","7.255.700, 2020, 1",1,2020,7255700,СВАО,2020-01-29,115364.12576523484
55.708237,37.640812,"2019-08-28: 6112000 | 6600960
г.москва,даниловскаянаб.,д.6,кор.1,1ком., пл. 31.6, кв. 60","6.600.960, 2019, 1",1,2019,6600960,ЮАО,2019-08-28,99875.02121071884
55.871168,37.635449,"2017-09-20: 4618000 | 4895080
2017-07-12: 5060000 | Не продано
2017-05-17: 5060000 | Не продано
г.москва,дежневапр.,д.24,2ком., пл. 38.5, кв. 70","4.895.080, 2017, 3",2,2017,4895080,СВАО,2017-09-20,84291.40499857886
55.872632,37.634218,"2017-12-20: 4896000 | 5728320
г.москва,дежнёвапроезд,д.22,кор.4,1ком., пл. 37.1, кв. 95","5.728.320, 2017, 1",1,2017,5728320,СВАО,2017-12-20,97699.38451611064
55.858715,37.617105,"2018-12-26: 1146000 | 1146000
2018-09-26: 1146000 | Не продано
г.москва,декабристовул.,д.36,3ком., пл. 61.8, кв. 92,1/5доля","1.146.000, 2018, 2",3,2018,1146000,СВАО,2018-12-26,16702.738460056975
55.85791700000001,37.617339,"2017-03-17: 4447000 | 4758290
г.москва,декабристовул.,д.36б,1ком., пл. 35.2, кв. 213","4.758.290, 2017, 1",1,2017,4758290,СВАО,2017-03-17,81504.08450892888
55.77882099999999,37.490793,"2018-06-20: 5802000 | 6498240
2018-03-14: 6344000 | Не продано
2017-12-20: 6344000 | Не продано
г.москва,демьянабедногоул.,д.20,кор.5,2ком., пл. 42.9, кв. 49","6.498.240, 2018, 3",2,2018,6498240,СЗАО,2018-06-20,102550.57194452686
55.81074399999999,37.578496,"2017-10-25: 4896000 | 5679360
2017-08-09: 5667000 | Не продано
2017-06-21: 5667000 | Не продано
2017-04-07: 5786000 | Не продано
2017-02-17: 5786000 | Не продано
г.москва,дмитровскоеш.,д.1,кор.1,1ком., пл. 35.4, кв. 73","5.679.360, 2017, 5",1,2017,5679360,САО,2017-10-25,98788.83299917348
55.621292,37.600495,"2018-11-14: 6402000 | 6402000
г.москва,днепропетровскаяул.,д.5,кор.3,2ком., пл. 44.1, кв. 116","6.402.000, 2018, 1",2,2018,6402000,ЮАО,2018-11-14,94432.43606403405
55.606929,37.71018,"2017-11-29: 4215000 | 4847250
2017-09-13: 5761000 | Не продано
2017-07-26: 5761000 | Не продано
2017-05-31: 5761000 | Не продано
г.москва,домодедовскаяул.,д.24,кор.1,1ком., пл. 36.0, кв. 517","4.847.250, 2017, 4",1,2017,4847250,ЮАО,2017-11-29,82950.29017774668
55.649312,37.717842,"2020-01-29: 5343000 | 5770440
2019-09-25: 5722000 | Не продано
2019-07-24: 5722000 | Не продано
г.москва,донецкаяул.,д.15,1ком., пл. 39.1, кв. 139","5.770.440, 2020, 3",1,2020,5770440,ЮВАО,2020-01-29,91748.79968586653
55.842974,37.457412,"2017-10-25: 5880000 | 7173600
г.москва,досфлотапроезд,д.7,2ком., пл. 52.5, кв. 57","7.173.600, 2017, 1",2,2017,7173600,СЗАО,2017-10-25,124780.18164069031
55.870314,37.565398,"2018-05-23: 4669000 | 4762380
г.москва,дубнинскаяул.,д.20,кор.3,1ком., пл. 32.8, кв. 350","4.762.380, 2018, 1",1,2018,4762380,САО,2018-05-23,77329.06477017938
55.868501,37.48817,"2018-05-23: 7542000 | 8145360
2018-02-21: 7542000 | Не продано
2017-11-08: 7968000 | Не продано
г.москва,дыбенкоул.,д.2,кор.1,2ком., пл. 53.7, кв. 14","8.145.360, 2018, 3",2,2018,8145360,САО,2018-05-23,132260.14535094393
55.60695,37.734497,"2018-03-14: 4356000 | 4486680
г.москва,елецкаяул.,д.17,кор.1,1ком., пл. 34.6, кв. 66","4.486.680, 2018, 1",1,2018,4486680,ЮАО,2018-03-14,78900.13876932267
55.738804,37.422773,"2019-01-23: 9772000 | 10553760
г.москва,ельнинскаяул.,д.20,кор.1,2ком., пл. 53.7, кв. 3","10.553.760, 2019, 1",2,2019,10553760,ЗАО,2019-01-23,159031.0253913458
55.577897,37.665596,"2017-08-09: 4134000 | 4134000
2017-06-21: 4134000 | Не продано
г.москва,загорьевскийпр.,д.5,кор.1,1ком., пл. 39.1, кв. 46","4.134.000, 2017, 2",1,2017,4134000,ЮАО,2017-08-09,68951.36948570465
55.621724,37.756632,"2017-05-17: 4625000 | 4995000
2017-02-17: 4857000 | Не продано
г.москва,задонскийпр.,д.30,кор.1,1ком., пл. 39.0, кв. 82","4.995.000, 2017, 2",1,2017,4995000,ЮАО,2017-05-17,88666.17334296867
55.759137,37.574004,"2019-06-26: 7530000 | 8584200
г.москва,замореноваул.,д.5,стр.1,1ком., пл. 30.3, кв. 33","8.584.200, 2019, 1",1,2019,8584200,ЦАО,2019-06-26,137281.74315322796
55.678458,37.682287,"2017-10-11: 4581000 | 5497200
г.москва,затоннаяул.,д.8,кор.2,1ком., пл. 32.7, кв. 53","5.497.200, 2017, 1",1,2017,5497200,ЮАО,2017-10-11,94400.5681886295
55.678458,37.682287,"2018-06-20: 5692000 | 6830400
г.москва,затоннаяул.,д.8,кор.2,2ком., пл. 38.8, кв. 128","6.830.400, 2018, 1",2,2018,6830400,ЮАО,2018-06-20,107792.48328930546
55.714475,37.787282,"2017-11-29: 4591000 | 4591000
2017-10-11: 4591000 | Не продано
2017-07-26: 4925000 | Не продано
2017-05-31: 4925000 | Не продано
2017-04-07: 4925000 | Не продано
г.москва,зеленодольскаяул.,д.7,кор.1,1ком., пл. 35.0, кв. 90","4.591.000, 2017, 5",1,2017,4591000,ЮВАО,2017-11-29,78565.12088421993
55.75040300000001,37.820556,"2018-07-25: 5162000 | 5316860
г.москва,зеленыйпр-т,д.62,кор.2,1ком., пл. 35.1, кв. 63","5.316.860, 2018, 1",1,2018,5316860,ВАО,2018-07-25,84408.80668965842
55.74981500000001,37.821427,"2017-08-23: 4988000 | 5137640
2017-06-07: 5896000 | Не продано
2017-04-20: 5896000 | Не продано
г.москва,зеленыйпр-т,д.64,2ком., пл. 42.4, кв. 73","5.137.640, 2017, 3",2,2017,5137640,ВАО,2017-08-23,86971.62280549943
55.75511,37.656523,"2018-10-10: 11519000 | 11519000
2018-08-22: 11519000 | Не продано
2018-05-23: 14262000 | Не продано
г.москва,землянойвалул.,д.38-40/15,стр.9,2ком., пл. 50.4, кв. 103","11.519.000, 2018, 3",2,2018,11519000,ЦАО,2018-10-10,172869.18457070272
55.804354,37.724175,"2018-03-14: 5930000 | 5930000
г.москва,знаменскаяул.,д.53,2ком., пл. 40.1, кв. 51","5.930.000, 2018, 1",2,2018,5930000,ВАО,2018-03-14,104281.52284140688
55.81823000000001,37.505552,"2017-11-08: 9087000 | 9087000
г.москва,зоииалександракосмодемьянскихул.,д.6,2ком., пл. 53.3, кв. 40","9.087.000, 2017, 1",2,2017,9087000,САО,2017-11-08,155986.60773132485
55.76447,37.582206,"2018-03-14: 8441000 | 9453920
г.москва,зоологическаяул.,д.12,кор.2,1ком., пл. 34.2, кв. 132","9.453.920, 2018, 1",1,2018,9453920,ЦАО,2018-03-14,166251.12553471053
55.780087,37.731874,"2019-04-24: 7628000 | 7628000
2019-02-20: 7628000 | Не продано
г.москва,ибрагимоваул.,д.2,2ком., пл. 45.1, кв. 147","7.628.000, 2019, 2",2,2019,7628000,ВАО,2019-04-24,119589.81042506639
55.86691,37.526681,"2017-09-20: 4721000 | 4721000
2017-07-12: 5282000 | Не продано
2017-05-17: 5282000 | Не продано
2017-01-21: 5633000 | Не продано
г.москва,иванасусанинаул.,д.4,кор.2,2ком., пл. 45.1, кв. 242","4.721.000, 2017, 4",2,2017,4721000,САО,2017-09-20,81293.81399247628
55.796223,37.803811,"2018-04-04: 5524000 | 6794520
г.москва,измайловскийбульвар,д.40,1ком., пл. 37.5, кв. 6","6.794.520, 2018, 1",1,2018,6794520,ВАО,2018-04-04,118295.5914199594
55.797852,37.769927,"2017-04-07: 4823000 | 4823000
2017-02-17: 4823000 | Не продано
г.москва,измайловскийпр.,д.18,кор.1,1ком., пл. 35.0, кв. 71","4.823.000, 2017, 2",1,2017,4823000,ВАО,2017-04-07,85492.50960363576
55.878703,37.694783,"2018-10-10: 4838000 | 4983140
2018-08-22: 4838000 | Не продано
г.москва,изумруднаяул.,д.50,1ком., пл. 32.8, кв. 78","4.983.140, 2018, 2",1,2018,4983140,СВАО,2018-10-10,74783.51839583745
55.891734,37.57819,"2018-02-21: 4495000 | 4495000
2017-11-08: 5042000 | Не продано
г.москва,илимскаяул.,д.6,1ком., пл. 37.8, кв. 134","4.495.000, 2018, 2",1,2018,4495000,СВАО,2018-02-21,79729.39820113489
55.803079,37.538521,"2017-09-13: 9070000 | 9070180
2017-06-07: 9322000 | Не продано
2017-04-20: 9322000 | Не продано
г.москва,ильюшинаакадемикаул.,д.1,кор.2,3ком., пл. 54.5, кв. 211","9.070.180, 2017, 3",3,2017,9070180,САО,2017-09-13,158564.87253087378
55.592953,37.548276,"2017-03-03: 4932000 | 4932000
г.москва,инессыармандул.,д.3,1ком., пл. 35.1, кв. 233","4.932.000, 2017, 1",1,2017,4932000,ЮЗАО,2017-03-03,84689.88245811766
55.59178299999999,37.545078,"2018-01-24: 3819000 | 4391850
2017-10-25: 4407000 | Не продано
2017-08-23: 4407000 | Не продано
2017-06-07: 4850000 | Не продано
2017-04-20: 4850000 | Не продано
г.москва,инессыармандул.,д.4,кор.1,1ком., пл. 33.0, кв. 210","4.391.850, 2018, 5",1,2018,4391850,ЮЗАО,2018-01-24,77777.42376452453
55.71729499999999,37.457097,"2018-01-24: 6668000 | 6668000
г.москва,инициативнаяул.,д.8,кор.2,2ком., пл. 45.6, кв. 11","6.668.000, 2018, 1",2,2018,6668000,ЗАО,2018-01-24,118086.87948401006
55.80724300000001,37.420877,"2019-04-24: 6597000 | 7388640
г.москва,исаковскогоул.,д.27,кор.2,1ком., пл. 39.0, кв. 86","7.388.640, 2019, 1",1,2019,7388640,СЗАО,2019-04-24,115837.18627412985
55.80674200000001,37.422647,"2019-11-27: 9366000 | 9740640
г.москва,исаковскогоул.,д.27,кор.3,2ком., пл. 51.8, кв. 47","9.740.640, 2019, 1",2,2019,9740640,СЗАО,2019-11-27,152440.20909221596
55.807476,37.41688900000001,"2018-08-22: 6697000 | 7165790
2018-05-23: 6892000 | Не продано
г.москва,исаковскогоул.,д.28,кор.1,2ком., пл. 45.7, кв. 41","7.165.790, 2018, 2",2,2018,7165790,СЗАО,2018-08-22,107013.26210315284
55.86259,37.664258,"2019-10-30: 4863000 | 5884230
г.москва,искрыул.,д.13,кор.1,1ком., пл. 29.8, кв. 243","5.884.230, 2019, 1",1,2019,5884230,СВАО,2019-10-30,92364.67090456045
55.82489,37.807117,"2017-03-03: 4207000 | 4585630
г.москва,камчатскаяул.,д.5,1ком., пл. 34.7, кв. 135","4.585.630, 2017, 1",1,2017,4585630,ВАО,2017-03-03,78742.18688086336
55.638084,37.670088,"2018-08-22: 5471000 | 5471000
г.москва,кантемировскаяул.,д.12,кор.2,1ком., пл. 38.0, кв. 81","5.471.000, 2018, 1",1,2018,5471000,ЮАО,2018-08-22,81703.42097191645
55.775424,37.461122,"2019-10-30: 8161000 | 8161000
г.москва,карамышевскаянаб.,д.60,1ком., пл. 39.4, кв. 2","8.161.000, 2019, 1",1,2019,8161000,СЗАО,2019-10-30,128103.09577499822
55.858685,37.591126,"2018-03-14: 4647000 | 5204640
2017-11-29: 5204000 | Не продано
2017-10-11: 5204000 | Не продано
2017-07-26: 5599000 | Не продано
2017-05-31: 5599000 | Не продано
2017-04-07: 5599000 | Не продано
г.москва,каргопольскаяул.,д.2,1ком., пл. 37.9, кв. 352","5.204.640, 2018, 6",1,2018,5204640,СВАО,2018-03-14,91525.76476244518
55.706766,37.86949600000001,"2017-04-07: 4124000 | 4124000
2017-02-17: 4124000 | Не продано
г.москва,каскаднаяул.,д.20,кор.2,1ком., пл. 34.9, кв. 15","4.124.000, 2017, 2",1,2017,4124000,ВАО,2017-04-07,73102.03392191455
55.653746,37.58093,"2019-01-23: 4928000 | 5272960
2018-11-14: 4928000 | Не продано
г.москва,каховкаул.,д.10/12,кор.1,1ком., пл. 31.5, кв. 5","5.272.960, 2019, 2",1,2019,5272960,ЮЗАО,2019-01-23,79456.44354690182
55.657875,37.564922,"2017-08-09: 4781000 | 4781000
г.москва,каховкаул.,д.35,кор.2,1ком., пл. 35.1, кв. 161","4.781.000, 2017, 1",1,2017,4781000,ЮЗАО,2017-08-09,79742.74250390758
55.662187,37.630499,"2017-09-13: 7634000 | 9237140
2017-06-21: 7634000 | Не продано
г.москва,каширскоешоссе,д.16,2ком., пл. 57.7, кв. 219","9.237.140, 2017, 2",2,2017,9237140,ЮАО,2017-09-13,161483.6669889501
55.626065,37.60823900000001,"2019-06-26: 6865000 | 7345550
г.москва,кировоградскаяул.,д.10,кор.2,2ком., пл. 45.2, кв. 139","7.345.550, 2019, 1",2,2019,7345550,ЮАО,2019-06-26,117472.78819449613
55.626065,37.60823900000001,"2017-08-23: 6665000 | 7464800
г.москва,кировоградскаяул.,д.10,кор.2,3ком., пл. 55.5, кв. 278","7.464.800, 2017, 1",3,2017,7464800,ЮАО,2017-08-23,126366.53598120772
55.618024,37.605957,"2017-10-25: 5226000 | 5226000
г.москва,кировоградскаяул.,д.20,кор.1,1ком., пл. 37.0, кв. 112","5.226.000, 2017, 1",1,2017,5226000,ЮАО,2017-10-25,90902.92590251025
55.67556,37.682503,"2018-11-14: 6020000 | 6923000
г.москва,кленовыйбульвар,д.25,кор.1,2ком., пл. 38.0, кв. 18","6.923.000, 2018, 1",2,2018,6923000,ЮАО,2018-11-14,102117.42500332829
55.888351,37.52227,"2017-06-21: 4158000 | 4365900
г.москва,клязьминскаяул.,д.7,кор.2,1ком., пл. 37.6, кв. 331","4.365.900, 2017, 1",1,2017,4365900,САО,2017-06-21,74731.5602399022
55.725214,37.578496,"2018-02-21: 9327000 | 14270310
г.москва,комсомольскийпр-т,д.30,2ком., пл. 43.2, кв. 84","14.270.310, 2018, 1",2,2018,14270310,ЦАО,2018-02-21,253117.51467044206
55.889013,37.60337,"2019-03-27: 5959000 | 6733670
г.москва,конёнковаул.,д.5,1ком., пл. 39.1, кв. 138","6.733.670, 2019, 1",1,2019,6733670,СВАО,2019-03-27,105232.66798396941
55.896236,37.633976,"2019-09-25: 6954000 | 7023540
г.москва,корнейчукаул.,д.37,2ком., пл. 52.2, кв. 70","7.023.540, 2019, 1",2,2019,7023540,СВАО,2019-09-25,110165.91851230504
55.89348,37.624867,"2018-02-21: 4411000 | 5116760
2017-11-08: 5193000 | Не продано
2017-09-13: 5193000 | Не продано
г.москва,корнейчукаул.,д.58а,2ком., пл. 44.1, кв. 178","5.116.760, 2018, 3",2,2018,5116760,СВАО,2018-02-21,90757.77431360153
55.820531,37.661734,"2017-10-11: 5576000 | 5576000
2017-07-26: 6753000 | Не продано
2017-05-31: 6753000 | Не продано
2017-04-07: 6753000 | Не продано
г.москва,космонавтовул.,д.26,2ком., пл. 37.5, кв. 22","5.576.000, 2017, 4",2,2017,5576000,СВАО,2017-10-11,95753.75977221096
55.676864,37.488404,"2018-11-14: 7348000 | 7641920
2018-08-22: 7561000 | Не продано
2018-07-04: 7561000 | Не продано
2018-04-04: 7959000 | Не продано
2018-01-24: 7959000 | Не продано
2017-10-25: 8616000 | Не продано
2017-08-23: 8616000 | Не продано
г.москва,коштоянцаул.,д.33,2ком., пл. 47.3, кв. 27","7.641.920, 2018, 7",2,2018,7641920,ЗАО,2018-11-14,112721.82471203734
55.80754200000001,37.706658,"2017-11-08: 4686000 | 4686000
2017-08-09: 5100000 | Не продано
2017-06-21: 5100000 | Не продано
г.москва,краснобогатырскаяул.,д.75,кор.1,1ком., пл. 35.0, кв. 359","4.686.000, 2017, 3",1,2017,4686000,ВАО,2017-11-08,80439.44578287534
55.614338,37.597118,"2018-11-14: 8128000 | 8128000
г.москва,красногомаякаул.,д.8,кор.2,3ком., пл. 56.0, кв. 443","8.128.000, 2018, 1",3,2018,8128000,ЮАО,2018-11-14,119891.72763643684
55.676509,37.749697,"2019-06-26: 6122000 | 6366880
г.москва,краснодонскаяул.,д.27,2ком., пл. 42.7, кв. 79","6.366.880, 2019, 1",2,2019,6366880,ЮВАО,2019-06-26,101821.5308179474
55.725635,37.435699,"2018-07-04: 4913000 | 4913000
г.москва,красныхзорьул.,д.19/2,1ком., пл. 35.4, кв. 60","4.913.000, 2018, 1",1,2018,4913000,ЗАО,2018-07-04,77454.9732350431
55.845471,37.494889,"2019-09-25: 5940000 | 6831000
г.москва,кронштадтскийб-р,д.23,кор.1,1ком., пл. 34.7, кв. 77","6.831.000, 2019, 1",1,2019,6831000,САО,2019-09-25,107145.88218441921
55.85103,37.505696,"2019-05-29: 5968000 | 5968000
2019-03-27: 5968000 | Не продано
г.москва,кронштадтскийбульвар,д.43,кор.2,2ком., пл. 37.9, кв. 104","5.968.000, 2019, 2",2,2019,5968000,САО,2019-05-29,92751.60131681483
55.68465500000001,37.531586,"2020-01-29: 7713000 | 8252910
г.москва,крупскойул.,д.6,кор.2,1ком., пл. 34.8, кв. 109","8.252.910, 2020, 1",1,2020,8252910,ЮЗАО,2020-01-29,131219.55802598843
55.730304,37.422916,"2017-08-30: 5612000 | 5668120
г.москва,кунцевскаяул.,д.1/5,1ком., пл. 37.6, кв. 57","5.668.120, 2017, 1",1,2017,5668120,ЗАО,2017-08-30,97007.01643669019
55.617429,37.756739,"2017-11-29: 4266000 | 4607280
г.москва,кустанайскаяул.,д.7,кор.3,1ком., пл. 39.0, кв. 451","4.607.280, 2017, 1",1,2017,4607280,ЮАО,2017-11-29,78843.71817631208
55.68361,37.72714000000001,"2018-11-14: 6610000 | 6610000
г.москва,кухмистероваул.,д.16,3ком., пл. 51.1, кв. 14","6.610.000, 2018, 1",3,2018,6610000,ЮВАО,2018-11-14,97500.53145630506
55.851505,37.50425900000001,"2017-09-20: 3985000 | 4104550
2017-07-12: 4382000 | Не продано
2017-05-17: 4382000 | Не продано
2017-02-17: 4478000 | Не продано
г.москва,лавочкинаул.,д.6,кор.2,1ком., пл. 32.6, кв. 216","4.104.550, 2017, 4",1,2017,4104550,САО,2017-09-20,70678.780813984
55.58645600000001,37.671328,"2018-07-25: 4285000 | 4285000
г.москва,лебедянскаяул.,д.12,кор.1,1ком., пл. 39.2, кв. 383","4.285.000, 2018, 1",1,2018,4285000,ЮАО,2018-07-25,68027.32000940148
55.804951,37.512344,"2020-01-29: 12941000 | 13458640
г.москва,ленинградскийпросп.,д.75,кор.1,2ком., пл. 60.0, кв. 30","13.458.640, 2020, 1",2,2020,13458640,САО,2020-01-29,213989.58578621226
55.80651999999999,37.513844,"2018-12-26: 7206000 | 7206000
2018-09-26: 7206000 | Не продано
г.москва,ленинградскийпросп.,д.78,кор.3,2ком., пл. 35.5, кв. 26","7.206.000, 2018, 2",2,2018,7206000,САО,2018-12-26,105026.11984569857
55.817092,37.50036,"2019-04-24: 10668000 | 10668000
2019-01-23: 12779000 | Не продано
г.москва,ленинградскоеш.,д.8,кор.2,2ком., пл. 50.2, кв. 95","10.668.000, 2019, 2",2,2019,10668000,САО,2019-04-24,167250.14389284322
55.816642,37.498617,"2017-05-17: 6359000 | 7185670
2017-01-21: 7341000 | Не продано
г.москва,ленинградскоеш.,д.9,кор.1,2ком., пл. 44.0, кв. 166","7.185.670, 2017, 2",2,2017,7185670,САО,2017-05-17,127552.7250861601
55.858438,37.473366,"2017-04-07: 6358000 | 6358000
г.москва,ленинградскоеш.,д.98,кор.5,2ком., пл. 42.8, кв. 387","6.358.000, 2017, 1",2,2017,6358000,САО,2017-04-07,112701.92329668591
55.667213,37.513008,"2017-07-12: 3943000 | 5165330
г.москва,ленинскийпр-т,д.110,кор.1,1ком., пл. 28.1, кв. 98","5.165.330, 2017, 1",1,2017,5165330,ЗАО,2017-07-12,85587.43154068723
55.70616800000001,37.578801,"2018-07-25: 9731000 | 9731000
г.москва,ленинскийпр-т,д.41/2,2ком., пл. 48.5, кв. 418","9.731.000, 2018, 1",2,2018,9731000,ЮЗАО,2018-07-25,154486.31295483917
55.897483,37.602795,"2018-02-21: 5918000 | 6805700
2017-11-08: 6950000 | Не продано
2017-09-20: 6950000 | Не продано
2017-07-12: 7263000 | Не продано
2017-05-17: 7263000 | Не продано
г.москва,лесковаул.,д.12,2ком., пл. 52.2, кв. 42","6.805.700, 2018, 5",2,2018,6805700,СВАО,2018-02-21,120715.09796161593
55.893748,37.618282,"2017-05-17: 4780000 | 5019000
2017-02-17: 4966000 | Не продано
г.москва,лесковаул.,д.21,1ком., пл. 39.0, кв. 66","5.019.000, 2017, 2",1,2017,5019000,СВАО,2017-05-17,89092.19699867062
55.78422800000001,37.595941,"2017-10-25: 6491000 | 7919020
г.москва,леснаяул.,д.63/43,стр.2,1ком., пл. 34.8, кв. 230","7.919.020, 2017, 1",1,2017,7919020,ЦАО,2017-10-25,137746.28554927223
55.58330600000001,37.679053,"2020-01-29: 4972000 | 5220600
г.москва,липецкаяул.,д.40,1ком., пл. 37.8, кв. 437","5.220.600, 2020, 1",1,2020,5220600,ЮАО,2020-01-29,83006.45767741017
55.678433,37.73790200000001,"2017-05-17: 1588000 | 1588000
2017-02-17: 1881000 | Не продано
г.москва,люблинскаяул.,д.52,стр.1,2ком., пл. 45.8, кв. 78,1/2доля","1.588.000, 2017, 2",2,2017,1588000,ЮВАО,2017-05-17,28188.565218945798
55.713699,37.621839,"2018-08-22: 9583000 | 9583000
г.москва,люсиновскаяул.,д.72,2ком., пл. 49.9, кв. 40","9.583.000, 2018, 1",2,2018,9583000,ЮАО,2018-08-22,143111.65841233326
55.863874,37.675011,"2019-04-24: 5794000 | 5794000
г.москва,лётчикабабушкинаул.,д.16,кор.1,1ком., пл. 31.6, кв. 25","5.794.000, 2019, 1",1,2019,5794000,СВАО,2019-04-24,90836.83293167733
55.829492,37.667887,"2019-09-25: 4757000 | 6374380
г.москва,малахитоваяул.,д.21,1ком., пл. 32.1, кв. 35","6.374.380, 2019, 1",1,2019,6374380,СВАО,2019-09-25,99983.68737794147
55.741764,37.59088300000001,"2019-12-30: 16297000 | 19719370
г.москва,малыйлевшинскийпер.,д.6-8,2ком., пл. 57.4, кв. 13","19.719.370, 2019, 1",2,2019,19719370,ЦАО,2019-12-30,317154.0532711539
55.70272900000001,37.742178,"2018-06-20: 4685000 | 5387750
2018-01-24: 5165000 | Не продано
2017-10-25: 6708000 | Не продано
2017-08-23: 6708000 | Не продано
г.москва,малышеваул.,д.3,2ком., пл. 41.9, кв. 32","5.387.750, 2018, 4",2,2018,5387750,ЮВАО,2018-06-20,85025.61370372973
55.701942,37.742726,"2017-06-21: 3132000 | 4134240
г.москва,малышеваул.,д.3,кор.2,1ком., пл. 28.3, кв. 42","4.134.240, 2017, 1",1,2017,4134240,ЮВАО,2017-06-21,70766.21214554003
55.624916000000006,37.701736,"2018-12-26: 5777000 | 6181390
г.москва,маршалазахароваул.,д.8,кор.3,1ком., пл. 38.4, кв. 309","6.181.390, 2018, 1",1,2018,6181390,ЮАО,2018-12-26,90092.61822828236
55.795459,37.484622,"2019-03-27: 9038000 | 11116740
г.москва,маршалаконеваул.,д.16,2ком., пл. 47.0, кв. 25","11.116.740, 2019, 1",2,2019,11116740,СЗАО,2019-03-27,173730.55250466865
55.687863,37.862246,"2019-01-23: 7299000 | 7955910
г.москва,маршалаполубояроваул.,д.4,кор.2,2ком., пл. 54.3, кв. 257","7.955.910, 2019, 1",2,2019,7955910,ЮВАО,2019-01-23,119884.90596917702
55.68775600000001,37.86360300000001,"2018-08-22: 5141000 | 5141000
2018-07-04: 5141000 | Не продано
г.москва,маршалаполубояроваул.,д.8,1ком., пл. 38.8, кв. 21","5.141.000, 2018, 2",1,2018,5141000,ЮВАО,2018-08-22,76775.2307104044
55.744515,37.39179,"2018-01-24: 4299000 | 4299000
2017-10-25: 4812000 | Не продано
2017-08-23: 4812000 | Не продано
2017-06-07: 5304000 | Не продано
2017-04-20: 5304000 | Не продано
г.москва,маршалатимошенкоул.,д.7,1ком., пл. 32.4, кв. 36","4.299.000, 2018, 5",1,2018,4299000,ЗАО,2018-01-24,76133.09761574074
55.784197,37.477579,"2017-11-08: 4513000 | 5912030
г.москва,маршалатухачевскогоул.,д.22,кор.1,2ком., пл. 44.0, кв. 69","5.912.030, 2017, 1",2,2017,5912030,СЗАО,2017-11-08,101485.36420224766
55.881848,37.490982,"2018-01-24: 4270000 | 4270000
2017-10-25: 4348000 | Не продано
2017-08-23: 4348000 | Не продано
г.москва,маршалафедоренкоул.,д.10,кор.2,1ком., пл. 37.6, кв. 373","4.270.000, 2018, 3",1,2018,4270000,САО,2018-01-24,75619.52240502744
55.651796,37.763926,"2018-05-23: 4924000 | 4924000
г.москва,марьинскийбульвар,д.10,1ком., пл. 38.4, кв. 38","4.924.000, 2018, 1",1,2018,4924000,ЮВАО,2018-05-23,79953.36678895075
55.703454,37.468021,"2018-12-26: 5603000 | 7395960
г.москва,матвеевскаяул.,д.18,кор.2,2ком., пл. 40.4, кв. 131","7.395.960, 2018, 1",2,2018,7395960,ЗАО,2018-12-26,107794.75178101483
55.867319,37.672388,"2017-07-12: 4136000 | 4632320
г.москва,менжинскогоул.,д.13,кор.2,1ком., пл. 30.4, кв. 48","4.632.320, 2017, 1",1,2017,4632320,СВАО,2017-07-12,76755.67115258005
55.757283,37.787058,"2017-01-21: 5339000 | 5339000
г.москва,металлурговул.,д.20,кор.2,2ком., пл. 44.8, кв. 11","5.339.000, 2017, 1",2,2017,5339000,ВАО,2017-01-21,89490.44608875559
55.846805,37.356405,"2017-12-20: 1576000 | 1576000
2017-10-11: 1971000 | Не продано
2017-08-09: 1971000 | Не продано
г.москва,митинскаяул.,д.31,3ком., пл. 72.8, кв. 64,1/3доля","1.576.000, 2017, 3",3,2017,1576000,СЗАО,2017-12-20,26879.474260758892
55.58515799999999,37.662326,"2017-04-20: 3571000 | 3571000
2017-03-03: 3571000 | Не продано
г.москва,михневскаяул.,д.5,кор.2,1ком., пл. 34.7, кв. 36","3.571.000, 2017, 2",1,2017,3571000,ЮАО,2017-04-20,63542.05442475074
55.582635,37.663324,"2017-03-03: 3623000 | 3623000
г.москва,михневскаяул.,д.9,кор.1,1ком., пл. 35.2, кв. 53","3.623.000, 2017, 1",1,2017,3623000,ЮАО,2017-03-03,62212.377158507756
55.704007,37.50898400000001,"2018-03-14: 4977000 | 5474700
г.москва,мичуринскийпроспект,д.10,кор.1,1ком., пл. 28.0, кв. 103","5.474.700, 2018, 1",1,2018,5474700,ЗАО,2018-03-14,96274.8824788955
55.71068199999999,37.507789,"2019-07-24: 12504000 | 13254240
г.москва,мосфильмовскаяул.,д.43/40,2ком., пл. 51.4, кв. 95","13.254.240, 2019, 1",2,2019,13254240,ЗАО,2019-07-24,210415.82406295688
55.892259,37.597441,"2018-12-26: 6087000 | 6695700
г.москва,мурановскаяул.,д.7,2ком., пл. 45.9, кв. 271","6.695.700, 2018, 1",2,2018,6695700,СВАО,2018-12-26,97588.59154188786
55.682265,37.640776,"2017-11-08: 4118000 | 4859240
г.москва,нагатинскаянаб.,д.10,1ком., пл. 32.8, кв. 142","4.859.240, 2017, 1",1,2017,4859240,ЮАО,2017-11-08,83413.26771787861
55.680717,37.648124,"2019-05-29: 6690000 | 8697000
г.москва,нагатинскаянаб.,д.12,кор.5,2ком., пл. 38.3, кв. 33","8.697.000, 2019, 1",2,2019,8697000,ЮАО,2019-05-29,135164.32249536505
55.688101,37.688261,"2018-04-04: 4709000 | 5132810
2017-12-20: 5055000 | Не продано
2017-10-25: 5055000 | Не продано
г.москва,нагатинскаянаб.,д.60,кор.3,1ком., пл. 35.4, кв. 245","5.132.810, 2018, 3",1,2018,5132810,ЮАО,2018-04-04,89364.48705666947
55.67845300000001,37.606631,"2019-02-20: 6411000 | 6411000
г.москва,нагорнаяул.,д.15,кор.6,1ком., пл. 35.2, кв. 575","6.411.000, 2019, 1",1,2019,6411000,ЮЗАО,2019-02-20,96829.00025950048
55.676671,37.606083,"2019-02-20: 6517000 | 7233870
г.москва,нагорнаяул.,д.19,кор.4,2ком., пл. 38.0, кв. 61","7.233.870, 2019, 1",2,2019,7233870,ЮЗАО,2019-02-20,109257.27657263965
55.66206,37.556774,"2018-03-14: 5980000 | 6757400
2017-11-29: 6814000 | Не продано
г.москва,наметкинаул.,д.15,1ком., пл. 38.2, кв. 46","6.757.400, 2018, 2",1,2018,6757400,ЮЗАО,2018-03-14,118831.69687158903
55.66206,37.556774,"2017-09-20: 6814000 | 6814000
2017-07-12: 7920000 | Не продано
2017-05-17: 7920000 | Не продано
г.москва,наметкинаул.,д.15,1ком., пл. 39.0, кв. 46","6.814.000, 2017, 3",1,2017,6814000,ЮЗАО,2017-09-20,117334.47332021465
55.756862,37.828488,"2019-05-29: 6160000 | 6652800
г.москва,напольныйпр.,д.14,2ком., пл. 43.0, кв. 36","6.652.800, 2019, 1",2,2019,6652800,ВАО,2019-05-29,103394.41240625095
55.77859300000001,37.480301,"2019-11-27: 10288000 | 11213920
2019-08-28: 10945000 | Не продано
г.москва,народногоополченияул.,д.22,кор.2,3ком., пл. 65.6, кв. 228","11.213.920, 2019, 2",3,2019,11213920,СЗАО,2019-11-27,175496.91904673434
55.78133199999999,37.482744,"2018-06-20: 4595000 | 5376150
г.москва,народногоополченияул.,д.28,кор.2,1ком., пл. 32.0, кв. 18","5.376.150, 2018, 1",1,2018,5376150,СЗАО,2018-06-20,84842.55080753683
55.737649,37.681101,"2018-10-10: 6856000 | 6856000
г.москва,нижегородскаяул.,д.12,1ком., пл. 34.7, кв. 15","6.856.000, 2018, 1",1,2018,6856000,ЦАО,2018-10-10,102890.10586133673
55.737709,37.689932,"2019-10-30: 10692000 | 12509640
г.москва,нижегородскаяул.,д.17,2ком., пл. 53.5, кв. 224","12.509.640, 2019, 1",2,2019,12509640,ЦАО,2019-10-30,196363.63325949624
55.737345,37.693624,"2019-10-30: 7451000 | 8717670
г.москва,нижегородскаяул.,д.25,1ком., пл. 37.1, кв. 81","8.717.670, 2019, 1",1,2019,8717670,ЦАО,2019-10-30,136841.1364961192
55.738039,37.677292,"2017-09-20: 6633000 | 7362630
2017-07-12: 7705000 | Не продано
2017-05-17: 7705000 | Не продано
г.москва,нижегородскаяул.,д.4,кор.2,2ком., пл. 38.3, кв. 118","7.362.630, 2017, 3",2,2017,7362630,ЦАО,2017-09-20,126781.67204308952
55.738713,37.680014,"2019-10-30: 7685000 | 8914600
г.москва,нижегородскаяул.,д.7,1ком., пл. 36.1, кв. 96","8.914.600, 2019, 1",1,2019,8914600,ЦАО,2019-10-30,139932.3437808846
55.667086,37.523016,"2019-05-29: 8024000 | 8826400
г.москва,новаторовул.,д.14,кор.2,1ком., пл. 42.3, кв. 206","8.826.400, 2019, 1",1,2019,8826400,ЮЗАО,2019-05-29,137175.39106279062
55.739047,37.855752,"2017-09-20: 1882000 | 1882000
2017-07-12: 1962000 | Не продано
2017-05-17: 1962000 | Не продано
2017-01-21: 2120000 | Не продано
г.москва,новокосинскаяул.,д.17,кор.2,2ком., пл. 53.6, кв. 213,½доля","1.882.000, 2017, 4",2,2017,1882000,ВАО,2017-09-20,32407.320045295564
55.739929,37.853883,"2018-08-22: 4289000 | 5532810
г.москва,новокосинскаяул.,д.17,кор.7,1ком., пл. 34.1, кв. 10","5.532.810, 2018, 1",1,2018,5532810,ВАО,2018-08-22,82626.48594180754
55.742625,37.872999,"2019-03-27: 5651000 | 6103080
г.москва,новокосинскаяул.,д.40,1ком., пл. 37.8, кв. 169","6.103.080, 2019, 1",1,2019,6103080,ВАО,2019-03-27,95377.91298349995
55.65305,37.755464,"2017-09-20: 4577000 | 4577000
2017-07-12: 4790000 | Не продано
2017-05-17: 4790000 | Не продано
г.москва,новомарьинскаяул.,д.12/12,кор.1,1ком., пл. 35.5, кв. 10","4.577.000, 2017, 3",1,2017,4577000,ЮВАО,2017-09-20,78814.18907933995
55.741166,37.682278,"2019-10-30: 12340000 | 12833600
г.москва,новорогожскаяул.,д.6,стр.1,2ком., пл. 57.8, кв. 153","12.833.600, 2019, 1",2,2019,12833600,ЦАО,2019-10-30,201448.82856733454
55.816414,37.818768,"2019-04-24: 4401000 | 4797090
г.москва,новосибирскаяул.,д.11,1ком., пл. 32.9, кв. 181","4.797.090, 2019, 1",1,2019,4797090,ВАО,2019-04-24,75207.5358799137
55.670772,37.571004,"2017-11-29: 5593000 | 5760790
2017-09-13: 6379000 | Не продано
2017-07-26: 6379000 | Не продано
2017-05-31: 6379000 | Не продано
г.москва,новочеремушкинскаяул.,д.53,кор.3,2ком., пл. 37.2, кв. 42","5.760.790, 2017, 4",2,2017,5760790,ЮЗАО,2017-11-29,98583.56844665765
55.64733100000001,37.717519,"2017-03-03: 4049000 | 4049000
г.москва,новочеркасскийб-р,д.1,1ком., пл. 32.7, кв. 225","4.049.000, 2017, 1",1,2017,4049000,ЮВАО,2017-03-03,69527.43999856415
55.806231,37.454986,"2017-10-25: 5309000 | 5733720
г.москва,новощукинскаяул.,д.12,1ком., пл. 34.9, кв. 63","5.733.720, 2017, 1",1,2017,5733720,СЗАО,2017-10-25,99734.39041441659
55.60609,37.520734,"2018-11-14: 6662000 | 6662000
г.москва,новоясеневскийпр-т,д.14,кор.2,2ком., пл. 44.2, кв. 377","6.662.000, 2018, 1",2,2018,6662000,ЮЗАО,2018-11-14,98267.55530437281
55.60609,37.520734,"2017-11-08: 5835000 | 6885300
г.москва,новоясеневскийпроспект,д.14,кор.2,3ком., пл. 49.0, кв. 497","6.885.300, 2017, 1",3,2017,6885300,ЮЗАО,2017-11-08,118192.42766727094
55.672839,37.448438,"2018-06-20: 5098000 | 5403880
г.москва,озернаяул.,д.40,1ком., пл. 35.1, кв. 59","5.403.880, 2018, 1",1,2018,5403880,ЗАО,2018-06-20,85280.16581714277
55.67793,37.456307,"2019-01-23: 7017000 | 7438020
2018-11-14: 7017000 | Не продано
г.москва,озёрнаяул.,д.19,кор.1,2ком., пл. 45.1, кв. 109","7.438.020, 2019, 2",2,2019,7438020,ЗАО,2019-01-23,112080.9974342166
55.787153,37.622819,"2018-04-04: 10113000 | 10113000
2018-01-24: 10113000 | Не продано
2017-10-25: 10341000 | Не продано
2017-08-23: 10341000 | Не продано
г.москва,олимпийскийпр-т,д.22,2ком., пл. 53.8, кв. 163","10.113.000, 2018, 4",2,2018,10113000,ЦАО,2018-04-04,176071.79256666393
55.852455000000006,37.617644,"2017-11-08: 4762000 | 5333440
2017-09-13: 4762000 | Не продано
г.москва,олонецкаяул.,д.15,1ком., пл. 32.8, кв. 33","5.333.440, 2017, 2",1,2017,5333440,СВАО,2017-11-08,91553.34138203556
55.854406,37.513889,"2017-11-08: 4310000 | 4482400
г.москва,онежскаяул.,д.29,2ком., пл. 37.6, кв. 18","4.482.400, 2017, 1",2,2017,4482400,САО,2017-11-08,76944.4668751943
55.856118,37.512092,"2019-04-24: 4733000 | 5490280
2019-01-23: 5301000 | Не продано
2018-11-14: 5301000 | Не продано
г.москва,онежскаяул.,д.37,1ком., пл. 31.3, кв. 36","5.490.280, 2019, 3",1,2019,5490280,САО,2019-04-24,86075.18935245588
55.614353,37.733087,"2017-05-17: 5492000 | 6315800
г.москва,ореховыйб-р,д.31,2ком., пл. 44.0, кв. 47","6.315.800, 2017, 1",2,2017,6315800,ЮАО,2017-05-17,112111.67519509941
55.610845,37.705814,"2017-11-29: 4287000 | 4715700
г.москва,ореховыйб-р,д.7,кор.2,1ком., пл. 37.2, кв. 544","4.715.700, 2017, 1",1,2017,4715700,ЮАО,2017-11-29,80699.09399993811
55.608704,37.713674,"2019-07-24: 5781000 | 6070050
г.москва,ореховыйбульвар,д.14,кор.2,1ком., пл. 32.5, кв. 694","6.070.050, 2019, 1",1,2019,6070050,ЮАО,2019-07-24,96364.22554996374
55.625476,37.737111,"2019-03-27: 5287000 | 6185790
г.москва,ореховыйпр-д,д.13,кор.3,1ком., пл. 34.4, кв. 135","6.185.790, 2019, 1",1,2019,6185790,ЮАО,2019-03-27,96670.49102325451
55.890643,37.675163,"2019-09-25: 5925000 | 5925000
г.москва,осташковскаяул.,д.28,1ком., пл. 38.5, кв. 112","5.925.000, 2019, 1",1,2019,5925000,СВАО,2019-09-25,92935.05371727183
55.890643,37.675163,"2018-02-21: 4373000 | 4373000
2017-10-25: 4695000 | Не продано
2017-08-23: 4695000 | Не продано
2017-06-07: 5492000 | Не продано
2017-04-20: 5492000 | Не продано
г.москва,осташковскаяул.,д.28,1ком., пл. 38.7, кв. 120","4.373.000, 2018, 5",1,2018,4373000,СВАО,2018-02-21,77565.44123104846
55.633013,37.515838,"2017-08-09: 3998000 | 5157420
г.москва,островитяноваул.,д.30,кор.2,1ком., пл. 32.9, кв. 409","5.157.420, 2017, 1",1,2017,5157420,ЮЗАО,2017-08-09,86021.08660207131
55.634176,37.52812700000001,"2017-10-11: 5014000 | 5264700
г.москва,островитяноваул.,д.35,1ком., пл. 32.2, кв. 42","5.264.700, 2017, 1",1,2017,5264700,ЮЗАО,2017-10-11,90407.96611778319
55.80876600000001,37.734093,"2018-10-10: 5627000 | 6189700
г.москва,открытоеш.,д.6,кор.11,2ком., пл. 38.9, кв. 76","6.189.700, 2018, 1",2,2018,6189700,ВАО,2018-10-10,92890.73632583373
55.794249,37.685907,"2017-06-21: 7886000 | 7886000
г.москва,охотничьяул.,д.3,2ком., пл. 42.8, кв. 30","7.886.000, 2017, 1",2,2017,7886000,ВАО,2017-06-21,134985.47471354558
55.720509,37.618066,"2019-11-27: 12712000 | 12712000
2019-08-28: 14196000 | Не продано
г.москва,павлаандрееваул.,д.28,кор.7,2ком., пл. 58.9, кв. 465","12.712.000, 2019, 2",2,2019,12712000,ЦАО,2019-11-27,198941.7469468381
55.682275,37.543587,"2018-11-14: 8168000 | 8168000
2018-08-22: 8343000 | Не продано
2018-06-20: 8343000 | Не продано
2018-03-14: 9130000 | Не продано
г.москва,панфероваул.,д.10,2ком., пл. 44.8, кв. 84","8.168.000, 2018, 4",2,2018,8168000,ЮЗАО,2018-11-14,120481.74598110435
55.683777,37.542419,"2017-08-09: 5278000 | 7758660
г.москва,панфёроваул.,д.3,2ком., пл. 41.6, кв. 71","7.758.660, 2017, 1",2,2017,7758660,ЮЗАО,2017-08-09,129407.40986307625
55.78879300000001,37.455534,"2017-09-13: 5079000 | 5079000
г.москва,паршинаул.,д.33,2ком., пл. 34.8, кв. 21","5.079.000, 2017, 1",2,2017,5079000,СЗАО,2017-09-13,88791.07003216121
55.601823,37.540479,"2018-05-23: 6349000 | 7428330
г.москва,паустовскогоул.,д.4,2ком., пл. 44.9, кв. 608","7.428.330, 2018, 1",2,2018,7428330,ЮЗАО,2018-05-23,120617.38284308824
55.792933,37.797738,"2018-06-20: 6629000 | 7689640
г.москва,первомайскаяул.,д.66,2ком., пл. 47.2, кв. 120","7.689.640, 2018, 1",2,2018,7689640,ВАО,2018-06-20,121352.39388626945
55.86304000000001,37.61326,"2018-11-14: 5000000 | 5400000
г.москва,пестеляул.,д.1,1ком., пл. 32.6, кв. 66","5.400.000, 2018, 1",1,2018,5400000,СВАО,2018-11-14,79652.47653011307
55.799669,37.566943,"2018-02-21: 5064000 | 5823600
г.москва,петровско-разумовскийпр.,д.20,1ком., пл. 35.6, кв. 28","5.823.600, 2018, 1",1,2018,5823600,САО,2018-02-21,103295.24435242027
55.864864,37.501438,"2018-01-24: 4601000 | 6027310
2017-10-25: 5514000 | Не продано
2017-08-30: 5514000 | Не продано
2017-07-12: 5514000 | Не продано
г.москва,петрозаводскаяул.,д.12,2ком., пл. 38.8, кв. 62","6.027.310, 2018, 4",2,2018,6027310,САО,2018-01-24,106740.58632015127
55.863303,37.504825,"2019-07-24: 7346000 | 7566380
2019-05-29: 7346000 | Не продано
г.москва,петрозаводскаяул.,д.4,2ком., пл. 50.4, кв. 5","7.566.380, 2019, 2",2,2019,7566380,САО,2019-07-24,120119.00213618252
55.86415600000001,37.499004,"2019-07-24: 6786000 | 6853860
г.москва,петрозаводскаяул.,д.5,кор.1,2ком., пл. 44.7, кв. 24","6.853.860, 2019, 1",2,2019,6853860,САО,2019-07-24,108807.49103020148
55.865106,37.49466500000001,"2017-11-08: 4196000 | 5077160
г.москва,петрозаводскаяул.,д.9,кор.2,1ком., пл. 34.0, кв. 237","5.077.160, 2017, 1",1,2017,5077160,САО,2017-11-08,87154.06243085433
55.742154000000006,37.766154,"2017-10-11: 3553000 | 4192540
2017-07-26: 4080000 | Не продано
2017-05-31: 4080000 | Не продано
2017-04-07: 4080000 | Не продано
г.москва,плехановаул.,д.22,кор.1,1ком., пл. 30.8, кв. 117","4.192.540, 2017, 4",1,2017,4192540,ВАО,2017-10-11,71996.31778970326
55.757197,37.758536,"2018-07-25: 5139000 | 6012630
г.москва,плехановаул.,д.3,кор.4,2ком., пл. 36.2, кв. 19","6.012.630, 2018, 1",2,2018,6012630,ВАО,2018-07-25,95454.63363083491
55.60714300000001,37.616198,"2017-10-25: 3781000 | 3818810
2017-07-26: 4300000 | Не продано
2017-05-31: 4300000 | Не продано
2017-04-07: 4300000 | Не продано
г.москва,подольскихкурсантовул.,д.12,кор.1,1ком., пл. 32.4, кв. 94","3.818.810, 2017, 4",1,2017,3818810,ЮАО,2017-10-25,66425.75630803008
55.689684,37.730859,"2017-06-07: 6014000 | 6014000
2017-04-20: 6014000 | Не продано
2017-03-03: 6014000 | Не продано
г.москва,полбинаул.,д.12,3ком., пл. 50.2, кв. 13","6.014.000, 2017, 3",3,2017,6014000,ЮВАО,2017-06-07,106288.40380442924
55.551023,37.552067,"2017-10-11: 5916000 | 5916000
2017-07-26: 6825000 | Не продано
2017-05-31: 6825000 | Не продано
2017-04-07: 6825000 | Не продано
г.москва,поляныул.,д.9,2ком., пл. 49.7, кв. 404","5.916.000, 2017, 4",2,2017,5916000,ЮЗАО,2017-10-11,101592.40366076042
55.89263199999999,37.647657,"2018-12-26: 6257000 | 6257000
2018-10-10: 6257000 | Не продано
г.москва,полярнаяул.,д.56,кор.1,2ком., пл. 38.8, кв. 155","6.257.000, 2018, 2",2,2018,6257000,СВАО,2018-12-26,91194.62002144546
55.78236999999999,37.357824,"2018-06-20: 4966000 | 4966000
2018-03-14: 5221000 | Не продано
2017-12-20: 5221000 | Не продано
г.москва,посёлокрублёво,советскаяул.,д.15,2ком., пл. 44.1, кв. 87","4.966.000, 2018, 3",2,2018,4966000,ЗАО,2018-06-20,78369.85711154412
55.839082,37.416125,"2019-07-24: 5796000 | 6607440
2019-04-24: 6146000 | Не продано
2019-02-20: 6146000 | Не продано
г.москва,походныйпр.,д.11,кор.1,2ком., пл. 38.4, кв. 40","6.607.440, 2019, 3",2,2019,6607440,СЗАО,2019-07-24,104895.48495776021
55.839082,37.416125,"2018-02-21: 4149000 | 4978800
2017-10-11: 4963000 | Не продано
2017-08-09: 4963000 | Не продано
г.москва,походныйпроезд,д.11,кор.1,2ком., пл. 38.8, кв. 61","4.978.800, 2018, 3",2,2018,4978800,СЗАО,2018-02-21,88310.7292021825
55.771661,37.569926,"2017-10-25: 7054000 | 8112100
2017-08-09: 8832000 | Не продано
2017-06-21: 8832000 | Не продано
г.москва,пресненскийвалул.,д.23,2ком., пл. 44.6, кв. 56","8.112.100, 2017, 3",2,2017,8112100,ЦАО,2017-10-25,141104.78859811585
55.812661,37.636823,"2018-08-22: 10570000 | 10570000
2018-06-20: 10570000 | Не продано
2018-03-14: 11633000 | Не продано
2017-12-20: 11633000 | Не продано
2017-10-11: 11698000 | Не продано
2017-08-09: 11698000 | Не продано
2017-06-07: 12602000 | Не продано
2017-04-20: 12602000 | Не продано
2017-03-03: 12602000 | Не продано
г.москва,проспектмира,д.103,2ком., пл. 65.8, кв. 156","10.570.000, 2018, 9",2,2018,10570000,СВАО,2018-08-22,157851.4274672193
55.83706,37.659479,"2019-02-20: 5402000 | 5402000
г.москва,проспектмира,д.194,1ком., пл. 31.9, кв. 68","5.402.000, 2019, 1",1,2019,5402000,СВАО,2019-02-20,81589.4960851383
55.786951,37.635386,"2017-10-25: 7594000 | 8429340
2017-08-09: 10395000 | Не продано
2017-06-21: 10395000 | Не продано
г.москва,проспектмира,д.68,1ком., пл. 43.6, кв. 54","8.429.340, 2017, 3",1,2017,8429340,ЦАО,2017-10-25,146622.97539744846
55.804688,37.71769000000001,"2019-06-26: 5935000 | 6587850
г.москва,просторнаяул.,д.8,1ком., пл. 34.9, кв. 150","6.587.850, 2019, 1",1,2019,6587850,ВАО,2019-06-26,105355.36586193155
55.630162,37.521551,"2019-09-25: 8141000 | 10664710
г.москва,профсоюзнаяул.,д.113,кор.3,2ком., пл. 50.6, кв. 474","10.664.710, 2019, 1",2,2019,10664710,ЮЗАО,2019-09-25,167278.5479711605
55.630146,37.507924,"2017-12-20: 5845000 | 7364700
г.москва,профсоюзнаяул.,д.136,кор.4,3ком., пл. 49.7, кв. 407","7.364.700, 2017, 1",3,2017,7364700,ЮЗАО,2017-12-20,125608.67010673288
55.679138,37.565317,"2018-06-20: 6447000 | 6962760
2018-03-14: 6447000 | Не продано
г.москва,профсоюзнаяул.,д.15,1ком., пл. 31.2, кв. 85","6.962.760, 2018, 2",1,2018,6962760,ЮЗАО,2018-06-20,109881.294060003
55.645878,37.526528000000006,"2018-10-10: 5013000 | 5564430
г.москва,профсоюзнаяул.,д.98,кор.1,1ком., пл. 33.0, кв. 194","5.564.430, 2018, 1",1,2018,5564430,ЮЗАО,2018-10-10,83507.1166508165
55.73291999999999,37.586706,"2018-04-04: 11786000 | 11786000
2018-01-24: 11786000 | Не продано
2017-10-25: 12491000 | Не продано
2017-08-30: 12491000 | Не продано
г.москва,пуговишниковпер.,д.4,1ком., пл. 36.6, кв. 17","11.786.000, 2018, 4",1,2018,11786000,ЦАО,2018-04-04,205199.4608118957
55.724885,37.528972,"2017-03-03: 7669000 | 7669000
г.москва,пырьеваул.,д.4а,2ком., пл. 41.6, кв. 10","7.669.000, 2017, 1",2,2017,7669000,ЗАО,2017-03-03,131688.30263002927
55.838036,37.386077,"2019-04-24: 2641000 | 2641000
г.москва,пятницкоеш.,д.7,2ком., пл. 26.75, кв. 297,1/2доля","2.641.000, 2019, 1",2,2019,2641000,СЗАО,2019-04-24,41404.914700131136
55.819413,37.645555,"2018-10-10: 6401000 | 7169120
г.москва,ракетныйбульвар,д.7,2ком., пл. 37.4, кв. 43","7.169.120, 2018, 1",2,2018,7169120,СВАО,2018-10-10,107589.19424338192
55.786389,37.571264,"2018-06-20: 8753000 | 8753000
2018-02-21: 9655000 | Не продано
2017-11-29: 9655000 | Не продано
г.москва,расковойул.,д.12,2ком., пл. 51.8, кв. 41","8.753.000, 2018, 3",2,2018,8753000,САО,2018-06-20,138133.5802048622
55.72559,37.444206,"2017-11-08: 5523000 | 6627600
г.москва,ращупкинаул.,д.6,2ком., пл. 44.3, кв. 23","6.627.600, 2017, 1",2,2017,6627600,ЗАО,2017-11-08,113768.77312645852
55.742914,37.832476,"2018-01-24: 3981000 | 3981000
2017-10-25: 4345000 | Не продано
2017-07-12: 4345000 | Не продано
г.москва,реутовскаяул.,д.2/1,1ком., пл. 35.1, кв. 70","3.981.000, 2018, 3",1,2018,3981000,ВАО,2018-01-24,70501.47978791902
55.738525,37.834462,"2017-08-09: 4273000 | 4828490
2017-05-17: 4856000 | Не продано
2017-03-17: 4856000 | Не продано
2017-01-21: 4856000 | Не продано
г.москва,реутовскаяул.,д.8,кор.3,2ком., пл. 44.6, кв. 245","4.828.490, 2017, 4",2,2017,4828490,ВАО,2017-08-09,80534.83261926222
55.815585,37.661392,"2017-04-20: 10106000 | 10106000
2017-03-03: 10106000 | Не продано
г.москва,рижскийпр.,д.9,2ком., пл. 57.6, кв. 133","10.106.000, 2017, 2",2,2017,10106000,СВАО,2017-04-20,179825.25959578017
55.594011,37.607889,"2017-10-25: 3922000 | 4902500
г.москва,россошанскаяул.,д.2,кор.1,1ком., пл. 34.3, кв. 372","4.902.500, 2017, 1",1,2017,4902500,ЮАО,2017-10-25,85275.85040892777
55.593329,37.607412,"2018-10-10: 4825000 | 5066250
г.москва,россошанскаяул.,д.2,кор.2,1ком., пл. 35.2, кв. 69","5.066.250, 2018, 1",1,2018,5066250,ЮАО,2018-10-10,76030.77579054802
55.750525,37.407645,"2018-02-21: 5936000 | 6292160
г.москва,рублевскоеш.,д.127,2ком., пл. 41.0, кв. 512","6.292.160, 2018, 1",2,2018,6292160,ЗАО,2018-02-21,111606.25810572921
55.750525,37.407645,"2018-12-26: 6176000 | 7658240
г.москва,рублёвскоеш.,д.127,2ком., пл. 40.8, кв. 302","7.658.240, 2018, 1",2,2018,7658240,ЗАО,2018-12-26,111617.4343667947
55.750525,37.407645,"2019-01-23: 6929000 | 7691190
г.москва,рублёвскоеш.,д.127,2ком., пл. 43.0, кв. 228","7.691.190, 2019, 1",2,2019,7691190,ЗАО,2019-01-23,115895.9301878823
55.750525,37.407645,"2018-07-25: 7666000 | 8585920
г.москва,рублёвскоеш.,д.127,3ком., пл. 59.6, кв. 272","8.585.920, 2018, 1",3,2018,8585920,ЗАО,2018-07-25,136307.3809603548
55.740948,37.422611,"2019-11-27: 7088000 | 7655040
г.москва,рублёвскоешоссе,д.97,кор.3,2ком., пл. 37.0, кв. 31","7.655.040, 2019, 1",2,2019,7655040,ЗАО,2019-11-27,119800.7418618568
55.85575,37.644073,"2017-07-12: 9518000 | 10564980
г.москва,русановапр-д,д.9,2ком., пл. 50.9, кв. 353","10.564.980, 2017, 1",2,2017,10564980,СВАО,2017-07-12,175057.45082670997
55.71481,37.809848,"2019-06-26: 8678000 | 9198680
г.москва,рязанскийпроспект,д.97,кор.2,2ком., пл. 55.7, кв. 11","9.198.680, 2019, 1",2,2019,9198680,ЮВАО,2019-06-26,147108.7375770293
55.769575,37.831641,"2017-02-17: 5508000 | 5508000
г.москва,саянскаяул.,д.7,кор.2,2ком., пл. 47.5, кв. 400","5.508.000, 2017, 1",2,2017,5508000,ВАО,2017-02-17,96086.41733521395
55.685046,37.600046,"2017-10-11: 4818000 | 5540700
г.москва,севастопольскийпр-т,д.14,кор.1,2ком., пл. 33.6, кв. 13","5.540.700, 2017, 1",2,2017,5540700,ЮЗАО,2017-10-11,95147.57115672334
55.667203,37.583688,"2018-01-24: 4429000 | 4429000
2017-10-25: 5075000 | Не продано
2017-08-23: 5075000 | Не продано
2017-06-07: 5183000 | Не продано
2017-04-20: 5183000 | Не продано
г.москва,севастопольскийпр-т,д.51,кор.2,1ком., пл. 33.0, кв. 74","4.429.000, 2018, 5",1,2018,4429000,ЮЗАО,2018-01-24,78435.33131893829
55.847609,37.642617,"2019-03-27: 5801000 | 6729160
г.москва,серебряковапр-д,д.3.1ком., пл. 33.2, кв. 141","6.729.160, 2019, 1",1,2019,6729160,СВАО,2019-03-27,105162.1864586485
55.712071,37.613171,"2019-02-20: 6062000 | 6971300
г.москва,серпуховскийвалул.,д.18/28,1ком., пл. 29.0, кв. 48","6.971.300, 2019, 1",1,2019,6971300,ЮАО,2019-02-20,105291.53166573946
55.65144,37.603289,"2019-03-27: 6601000 | 6601000
г.москва,симферопольскийбульвар,д.16,кор.3,1ком., пл. 35.2, кв. 29","6.601.000, 2019, 1",1,2019,6601000,ЮЗАО,2019-03-27,103159.32342425188
55.64632,37.602166,"2019-02-20: 8173000 | 8173000
г.москва,симферопольскийбульвар,д.24,кор.4,1ком., пл. 42.2, кв. 195","8.173.000, 2019, 1",1,2019,8173000,ЮЗАО,2019-02-20,123441.49416953634
55.80346899999999,37.806506,"2017-05-17: 3722000 | 4243080
г.москва,сиреневыйб-р,д.39,1ком., пл. 32.4, кв. 26","4.243.080, 2017, 1",1,2017,4243080,ВАО,2017-05-17,75318.85220982654
55.779089,37.571588,"2018-05-23: 8524000 | 10058320
г.москва,скаковаяул.,д.13,кор.1,2ком., пл. 50.9, кв. 71","10.058.320, 2018, 1",2,2018,10058320,САО,2018-05-23,163321.80102368788
55.70972800000001,37.399354,"2018-06-20: 4257000 | 4554990
г.москва,сколковскоеш.,д.14,1ком., пл. 35.1, кв. 29","4.554.990, 2018, 1",1,2018,4554990,ЗАО,2018-06-20,71883.59151117849
55.679986,37.76795,"2019-10-30: 5972000 | 6628920
г.москва,совхознаяул.,д.18,кор.3,2ком., пл. 38.1, кв. 26","6.628.920, 2019, 1",2,2019,6628920,ЮВАО,2019-10-30,104054.0587727976
55.650333,37.408292,"2017-08-09: 3017000 | 4585840
г.москва,солнцевскийпр-т,д.26,кор.1,1ком., пл. 35.1, кв. 84","4.585.840, 2017, 1",1,2017,4585840,ЗАО,2017-08-09,76487.65076011703
55.749116,37.806201,"2017-07-12: 5928000 | 5928000
2017-05-17: 5928000 | Не продано
2017-02-17: 6504000 | Не продано
г.москва,союзныйпр-т,д.6,кор.4,2ком., пл. 46.8, кв. 31","5.928.000, 2017, 3",2,2017,5928000,ВАО,2017-07-12,98224.56535655881
55.750221,37.812893,"2018-07-04: 5077000 | 5127770
г.москва,союзныйпросп.,д.15,кор.1,1ком., пл. 34.9, кв. 49","5.127.770, 2018, 1",1,2018,5127770,ВАО,2018-07-04,80840.88909127966
55.681372,37.753272,"2017-08-09: 5124000 | 5124000
2017-06-21: 5124000 | Не продано
г.москва,ставропольскаяул.,д.19,2ком., пл. 39.3, кв. 94","5.124.000, 2017, 2",2,2017,5124000,ЮВАО,2017-08-09,85463.67132190386
55.681037,37.757566,"2017-07-12: 4193000 | 4780020
г.москва,ставропольскаяул.,д.32,1ком., пл. 34.8, кв. 242","4.780.020, 2017, 1",1,2017,4780020,ЮВАО,2017-07-12,79203.00048847137
55.739732,37.827212,"2019-03-27: 4225000 | 4732000
г.москва,старыйгайул.,д.10,1ком., пл. 33.0, кв. 73","4.732.000, 2019, 1",1,2019,4732000,ВАО,2019-03-27,73950.90417263443
55.687634,37.692106,"2018-11-14: 5879000 | 6349320
2018-08-22: 6115000 | Не продано
2018-06-20: 6115000 | Не продано
г.москва,судостроительнаяул.,д.51,2ком., пл. 38.4, кв. 107","6.349.320, 2018, 3",2,2018,6349320,ЮАО,2018-11-14,93655.38190410694
55.624916000000006,37.606604,"2017-11-08: 5383000 | 6082790
г.москва,сумскаяул.,д.6,кор.2,2ком., пл. 43.6, кв. 129","6.082.790, 2017, 1",2,2017,6082790,ЮАО,2017-11-08,104416.61468493732
55.625836,37.604241,"2017-11-08: 6635000 | 7497550
г.москва,сумскаяул.,д.6,кор.4,3ком., пл. 55.5, кв. 237","7.497.550, 2017, 1",3,2017,7497550,ЮАО,2017-11-08,128702.254957191
55.633653,37.609182,"2018-12-26: 6281000 | 6783480
г.москва,сумскойпр.,д.5,кор.1,2ком., пл. 43.8, кв. 122","6.783.480, 2018, 1",2,2018,6783480,ЮАО,2018-12-26,98867.96883859274
55.793156,37.622774,"2017-07-12: 5192000 | 5347760
г.москва,сущевскийвалул.,д.67,1ком., пл. 30.1, кв. 69","5.347.760, 2017, 1",1,2017,5347760,СВАО,2017-07-12,88610.22294723194
55.793009,37.60140300000001,"2018-06-20: 7531000 | 7531000
2018-03-14: 8511000 | Не продано
2017-12-20: 8511000 | Не продано
г.москва,сущёвскийвалул.,д.23,3ком., пл. 56.1, кв. 49","7.531.000, 2018, 3",3,2018,7531000,СВАО,2018-06-20,118848.85096799007
55.739808,37.667528,"2017-04-07: 7192000 | 7192000
г.москва,таганскаяул.,д.29,1ком., пл. 34.9, кв. 26","7.192.000, 2017, 1",1,2017,7192000,ЦАО,2017-04-07,127485.40930320307
55.883954,37.68703,"2018-01-24: 3867000 | 4640400
2017-10-25: 4588000 | Не продано
2017-08-23: 4588000 | Не продано
2017-06-07: 5154000 | Не продано
2017-04-20: 5154000 | Не продано
г.москва,тайнинскаяул.,д.24,1ком., пл. 35.7, кв. 46","4.640.400, 2018, 5",1,2018,4640400,СВАО,2018-01-24,82179.117510138
55.799674,37.398913,"2019-01-23: 6836000 | 6836000
2018-11-14: 6836000 | Не продано
г.москва,таллинскаяул.,д.11,кор.1,1ком., пл. 38.9, кв. 195","6.836.000, 2019, 2",1,2019,6836000,СЗАО,2019-01-23,103009.36249973846
55.605226,37.530813,"2018-07-25: 5973000 | 6152190
г.москва,тарусскаяул.,д.14,кор.1,1ком., пл. 38.8, кв. 69","6.152.190, 2018, 1",1,2018,6152190,ЮЗАО,2018-07-25,97670.24454810728
55.705473,37.813737,"2017-10-25: 6579000 | 6579000
2017-08-23: 6579000 | Не продано
г.москва,ташкентскаяул.,д.14,кор.5,3ком., пл. 54.9, кв. 27","6.579.000, 2017, 2",3,2017,6579000,ЮВАО,2017-10-25,114437.49512296497
55.70497099999999,37.823844,"2018-08-22: 5112000 | 5112000
2018-06-20: 5112000 | Не продано
г.москва,ташкентскийпер.,д.9,кор.1,2ком., пл. 42.9, кв. 89","5.112.000, 2018, 2",2,2018,5112000,ЮВАО,2018-08-22,76342.14732378667
55.79128299999999,37.630535,"2017-08-09: 5276000 | 5698080
2017-06-07: 6261000 | Не продано
2017-04-20: 6261000 | Не продано
г.москва,трифоновскаяул.,д.57,кор.1,1ком., пл. 30.3, кв. 5","5.698.080, 2017, 3",1,2017,5698080,ЦАО,2017-08-09,95038.80489576775
55.79128299999999,37.630535,"2019-12-30: 7423000 | 7719920
2019-08-28: 7744000 | Не продано
г.москва,трифоновскаяул.,д.57,кор.1,1ком., пл. 31.1, кв. 10","7.719.920, 2019, 2",1,2019,7719920,ЦАО,2019-12-30,124162.38038685042
55.70217,37.664662,"2019-09-25: 7555000 | 8914900
г.москва,трофимоваул.,д.8а,2ком., пл. 45.1, кв. 39","8.914.900, 2019, 1",2,2019,8914900,ЮАО,2019-09-25,139832.3561829716
55.853723,37.425944,"2017-10-11: 4911000 | 5352990
2017-07-26: 6102000 | Не продано
2017-05-31: 6102000 | Не продано
2017-04-07: 6102000 | Не продано
2017-01-21: 6048000 | Не продано
г.москва,туристскаяул.,д.14,кор.4,2ком., пл. 44.1, кв. 126","5.352.990, 2017, 5",2,2017,5352990,СЗАО,2017-10-11,91924.12455578329
55.854896,37.42562,"2018-12-26: 6343000 | 7104160
г.москва,туристскаяул.,д.16,кор.4,1ком., пл. 36.6, кв. 205","7.104.160, 2018, 1",1,2018,7104160,СЗАО,2018-12-26,103541.82064432667
55.782339,37.475989,"2018-04-04: 5281000 | 5545050
г.москва,тухачевскогомаршалаул.,д.25,кор.2,1ком., пл. 34.8, кв. 21","5.545.050, 2018, 1",1,2018,5545050,СЗАО,2018-04-04,96541.76736594283
55.621297,37.493802,"2018-11-14: 5457000 | 6002700
г.москва,тёплыйстанул.,д.9,кор.7,1ком., пл. 35.1, кв. 61","6.002.700, 2018, 1",1,2018,6002700,ЮЗАО,2018-11-14,88542.57793839068
55.747642000000006,37.564985,"2017-08-09: 7092000 | 9361440
г.москва,украинскийб-р,д.6,1ком., пл. 35.7, кв. 238","9.361.440, 2017, 1",1,2017,9361440,ЗАО,2017-08-09,156140.32616309987
55.71426700000001,37.517761,"2019-10-30: 10490000 | 11539000
г.москва,университетскийпросп.,д.23,кор.3,2ком., пл. 48.0, кв. 104","11.539.000, 2019, 1",2,2019,11539000,ЗАО,2019-10-30,181127.51159756212
55.852874,37.66212,"2017-11-08: 4658000 | 5170380
г.москва,уржумскаяул.,д.3,кор.2,1ком., пл. 34.7, кв. 155","5.170.380, 2017, 1",1,2017,5170380,СВАО,2017-11-08,88754.26839241634
55.825603,37.81239,"2017-05-17: 1390000 | 1390000
2017-02-17: 1474000 | Не продано
г.москва,уссурийскаяул.,д.5,кор.2,2ком., пл. 38.5, кв. 76,1/2доля","1.390.000, 2017, 2",2,2017,1390000,ВАО,2017-05-17,24673.870059404697
55.70745600000001,37.784147,"2018-03-14: 3795000 | 4516050
г.москва,федораполетаеваул.,д.30,1ком., пл. 33.0, кв. 141","4.516.050, 2018, 1",1,2018,4516050,ЮВАО,2018-03-14,79416.62246676823
55.8592,37.494449,"2019-02-20: 5640000 | 6204000
г.москва,фестивальнаяул.,д.12,1ком., пл. 35.8, кв. 66","6.204.000, 2019, 1",1,2019,6204000,САО,2019-02-20,93702.56085009218
55.858746,37.482843,"2020-01-29: 10323000 | 11252070
г.москва,фестивальнаяул.,д.41,кор.2,2ком., пл. 51.2, кв. 76","11.252.070, 2020, 1",2,2020,11252070,САО,2020-01-29,178905.5802471472
55.766238,37.490506,"2017-06-07: 5772000 | 5772000
2017-04-20: 5772000 | Не продано
г.москва,филевскийб-р,д.8,кор.1,1ком., пл. 39.0, кв. 62","5.772.000, 2017, 2",1,2017,5772000,ЗАО,2017-06-07,102011.41781828493
55.849559,37.487299,"2019-02-20: 6405000 | 6789300
г.москва,флотскаяул.,д.28,кор.2,1ком., пл. 35.7, кв. 153","6.789.300, 2019, 1",1,2019,6789300,САО,2019-02-20,102542.68155698435
55.659297,37.616548,"2018-03-14: 5144000 | 5658400
г.москва,фруктоваяул.,д.3,кор.а,1ком., пл. 34.4, кв. 119","5.658.400, 2018, 1",1,2018,5658400,ЮАО,2018-03-14,99505.32358276843
55.763493,37.647432,"2018-06-20: 8610000 | 8610000
2018-03-14: 8610000 | Не продано
г.москва,фурманныйпер.,д.1/5,1ком., пл. 34.1, кв. 26","8.610.000, 2018, 2",1,2018,8610000,ЦАО,2018-06-20,135876.85657076014
55.588618,37.642231,"2017-04-07: 3560000 | 3560000
г.москва,харьковскаяул.,д.8,кор.1,1ком., пл. 32.4, кв. 345","3.560.000, 2017, 1",1,2017,3560000,ЮАО,2017-04-07,63104.56856498928
55.858225,37.592896,"2018-03-14: 4856000 | 4856000
2017-12-20: 4856000 | Не продано
г.москва,хачатурянаул.,д.7,1ком., пл. 38.0, кв. 194","4.856.000, 2018, 2",1,2018,4856000,СВАО,2018-03-14,85394.7849777187
55.717898,37.807782,"2018-07-04: 6617000 | 7080190
2018-04-04: 6699000 | Не продано
2018-01-24: 6699000 | Не продано
2017-10-25: 8627000 | Не продано
2017-08-23: 8627000 | Не продано
2017-06-07: 10350000 | Не продано
2017-04-20: 10350000 | Не продано
г.москва,хлобыстоваул.,д.16,кор.1,3ком., пл. 64.8, кв. 47","7.080.190, 2018, 7",3,2018,7080190,ЮВАО,2018-07-04,111621.39770995722
55.779423,37.520231,"2019-08-28: 7901000 | 9165160
г.москва,хорошёвскоеш.,д.82,кор.2,2ком., пл. 42.2, кв. 36","9.165.160, 2019, 1",2,2019,9165160,САО,2019-08-28,138672.33696305263
55.80145,37.5327,"2018-06-20: 9089000 | 9997900
г.москва,черняховскогоул.,д.2,1ком., пл. 44.0, кв. 48","9.997.900, 2018, 1",1,2018,9997900,САО,2018-06-20,157779.70084887373
55.60270799999999,37.594629,"2019-02-20: 4950000 | 5247000
г.москва,чертановскаяул.,д.51,кор.4,1ком., пл. 35.0, кв. 94","5.247.000, 2019, 1",1,2019,5247000,ЮАО,2019-02-20,79248.4424210886
55.697275,37.7449,"2017-10-25: 6329000 | 6835320
2017-08-09: 7750000 | Не продано
2017-06-21: 7750000 | Не продано
г.москва,чистоваул.,д.15/15,2ком., пл. 52.3, кв. 129","6.835.320, 2017, 3",2,2017,6835320,ЮВАО,2017-10-25,118896.01750477351
55.693668,37.803425,"2017-11-29: 3693000 | 4320810
г.москва,чугунныеворотаул.,д.17,2ком., пл. 34.4, кв. 92","4.320.810, 2017, 1",2,2017,4320810,ЮВАО,2017-11-29,73941.3983811253
55.69463199999999,37.582745,"2018-04-04: 4140000 | 5796000
г.москва,шверникаул.,д.5,кор.2,1ком., пл. 29.8, кв. 55","5.796.000, 2018, 1",1,2018,5796000,ЮЗАО,2018-04-04,100910.9176027276
55.69382,37.586967,"2019-10-30: 6924000 | 7685640
г.москва,шверникаул.,д.9,кор.5,2ком., пл. 38.7, кв. 19","7.685.640, 2019, 1",2,2019,7685640,ЮЗАО,2019-10-30,120641.37691608349
55.807076,37.532205,"2017-01-21: 4836000 | 5803200
г.москва,шебашёвскийпр.,д.8,кор.1,1ком., пл. 31.6, кв. 47","5.803.200, 2017, 1",1,2017,5803200,САО,2017-01-21,97271.2037352063
55.894036,37.591324,"2018-10-10: 6581000 | 6778430
2018-07-25: 6581000 | Не продано
г.москва,шенкурскийпр-д,д.8,2ком., пл. 46.0, кв. 310","6.778.430, 2018, 2",2,2018,6778430,СВАО,2018-10-10,101725.98895473465
55.62235,37.737614,"2019-09-25: 5042000 | 5596620
г.москва,шипиловскаяул.,д.41,кор.1,1ком., пл. 32.1, кв. 54","5.596.620, 2019, 1",1,2019,5596620,ЮАО,2019-09-25,87784.33423378192
55.60144200000001,37.71053,"2017-05-17: 3944000 | 4180640
2017-02-17: 4235000 | Не продано
г.москва,шипиловскийпр.,д.63,кор.1,1ком., пл. 32.6, кв. 94","4.180.640, 2017, 2",1,2017,4180640,ЮАО,2017-05-17,74210.48066557529
55.60144200000001,37.71053,"2017-05-17: 4738000 | 5353940
2017-02-17: 5493000 | Не продано
г.москва,шипиловскийпр.,д.63,кор.1,2ком., пл. 44.2, кв. 11","5.353.940, 2017, 2",2,2017,5353940,ЮАО,2017-05-17,95037.71213370445
55.886761,37.651277,"2018-08-22: 5150000 | 5716500
г.москва,широкаяул.,д.8,кор.2,2ком., пл. 37.4, кв. 114","5.716.500, 2018, 1",2,2018,5716500,СВАО,2018-08-22,85369.69584828375
55.757339,37.543156,"2019-03-27: 8507000 | 9953190
г.москва,шмитовскийпроезд,д.18,2ком., пл. 37.1, кв. 51","9.953.190, 2019, 1",2,2019,9953190,ЦАО,2019-03-27,155546.7878068519
55.88281800000001,37.653586,"2017-09-20: 4338000 | 4338000
2017-07-12: 4663000 | Не продано
2017-05-17: 4663000 | Не продано
г.москва,шокальскогопр-д,д.45,кор.2,1ком., пл. 33.8, кв. 143","4.338.000, 2017, 3",1,2017,4338000,СВАО,2017-09-20,74698.70050823175
55.875016,37.647657,"2017-01-21: 4664000 | 4710640
г.москва,шокальскогопр.,д.10,1ком., пл. 34.9, кв. 151","4.710.640, 2017, 1",1,2017,4710640,СВАО,2017-01-21,78958.09607857945
55.872799,37.648986,"2017-09-20: 4547000 | 4547000
2017-07-12: 5245000 | Не продано
г.москва,шокальскогопр.,д.2а,1ком., пл. 32.8, кв. 187","4.547.000, 2017, 2",1,2017,4547000,СВАО,2017-09-20,78297.6005557699
55.87400600000001,37.64392,"2018-02-21: 5358000 | 5358000
2017-11-08: 6148000 | Не продано
2017-09-13: 6148000 | Не продано
г.москва,шокальскогопр.,д.5,1ком., пл. 37.9, кв. 85","5.358.000, 2018, 3",1,2018,5358000,СВАО,2018-02-21,95036.73316166422
55.640980000000006,37.346973,"2018-11-14: 5284000 | 5389680
г.москва,шолоховаул.,д.13,1ком., пл. 39.1, кв. 80","5.389.680, 2018, 1",1,2018,5389680,ЗАО,2018-11-14,79500.25179718884
55.671077,37.719037,"2017-10-25: 3536000 | 3854240
г.москва,шоссейнаяул.,д.76,1ком., пл. 33.4, кв. 34","3.854.240, 2017, 1",1,2017,3854240,ЮВАО,2017-10-25,67042.03848650806
55.708039,37.778775,"2018-04-04: 4716000 | 5564880
г.москва,шумиловаул.,д.13,кор.2,2ком., пл. 38.5, кв. 87","5.564.880, 2018, 1",2,2018,5564880,ЮВАО,2018-04-04,96887.01641633312
55.867915,37.68756,"2018-04-04: 4382000 | 4382000
2017-12-20: 4456000 | Не продано
2017-10-11: 4456000 | Не продано
г.москва,шушенскаяул.,д.3,кор.1,1ком., пл. 30.7, кв. 12","4.382.000, 2018, 3",1,2018,4382000,СВАО,2018-04-04,76292.55364650661
55.782825,37.726089,"2017-11-08: 5215000 | 5319300
2017-08-09: 5855000 | Не продано
2017-06-21: 5855000 | Не продано
2017-04-07: 6398000 | Не продано
2017-02-17: 6398000 | Не продано
г.москва,щербаковскаяул.,д.7,1ком., пл. 35.7, кв. 41","5.319.300, 2017, 5",1,2017,5319300,ВАО,2017-11-08,91310.61544021528
55.782835,37.727059,"2019-08-28: 6810000 | 7150500
г.москва,щербаковскаяул.,д.9,1ком., пл. 33.3, кв. 99","7.150.500, 2019, 1",1,2019,7150500,ВАО,2019-08-28,108189.76924072333
55.53182,37.516889,"2018-05-23: 4103000 | 4349180
г.москва,южнобутовскаяул.,д.121,1ком., пл. 35.3, кв. 177","4.349.180, 2018, 1",1,2018,4349180,ЮЗАО,2018-05-23,70619.7367528775
55.53182,37.516889,"2017-11-29: 3576000 | 3826320
2017-09-13: 3918000 | Не продано
2017-07-26: 3918000 | Не продано
2017-05-31: 3918000 | Не продано
г.москва,южнобутовскаяул.,д.121,1ком., пл. 35.5, кв. 42","3.826.320, 2017, 4",1,2017,3826320,ЮЗАО,2017-11-29,65479.26232666268
55.53943100000001,37.54003,"2018-07-25: 4074000 | 4074000
2018-05-23: 4074000 | Не продано
г.москва,южнобутовскаяул.,д.25,кор.2,1ком., пл. 27.7, кв. 64","4.074.000, 2018, 2",1,2018,4074000,ЮЗАО,2018-07-25,64677.54999260248
55.537821,37.529394,"2017-08-23: 4246000 | 4585680
г.москва,южнобутовскаяул.,д.56,кор.1,1ком., пл. 40.0, кв. 34","4.585.680, 2017, 1",1,2017,4585680,ЮЗАО,2017-08-23,77627.86634850292
55.699289,37.74525,"2018-06-20: 6353000 | 7496540
г.москва,юныхленинцевул.,д.18,кор.2,2ком., пл. 50.2, кв. 12","7.496.540, 2018, 1",2,2018,7496540,ЮВАО,2018-06-20,118305.02791602394
55.823075,37.580463,"2017-05-17: 3953000 | 5020310
2017-01-21: 5001000 | Не продано
г.москва,яблочковаул.,д.24,кор.1,2ком., пл. 36.8, кв. 6","5.020.310, 2017, 2",2,2017,5020310,СВАО,2017-05-17,89115.4507898777
55.825001,37.577561,"2018-10-10: 6265000 | 6265000
г.москва,яблочковаул.,д.35а,1ком., пл. 34.0, кв. 30","6.265.000, 2018, 1",1,2018,6265000,СВАО,2018-10-10,94020.78664254298
55.86162,37.696705,"2017-12-20: 4322000 | 5013520
г.москва,ярославскоеш.,д.34,1ком., пл. 42.4, кв. 139","5.013.520, 2017, 1",1,2017,5013520,СВАО,2017-12-20,85508.1102765228
55.86392900000001,37.69634600000001,"2018-04-04: 4058000 | 4707280
г.москва,ярославскоеш.,д.59,1ком., пл. 34.7, кв. 74","4.707.280, 2018, 1",1,2018,4707280,СВАО,2018-04-04,81955.82198291365
55.83300600000001,37.684703000000006,"2017-10-11: 3282000 | 3675840
г.москва,яузскаяаллея,д.4,1ком., пл. 30.1, кв. 5","3.675.840, 2017, 1",1,2017,3675840,ВАО,2017-10-11,63123.29632731061
55.72020500000001,37.789366,"2020-01-29: 5044000 | 6002360
москва,ул.паперника,д.6,кор.1,1ком., пл. 32.9, кв. 36","6.002.360, 2020, 1",1,2020,6002360,ЮВАО,2020-01-29,95436.27960475419
